2026-10-02 13:05:02 | WARNING | log for truck - TRK-008 is missing engine_temp
2026-10-02 13:05:02 | WARNING | log for truck - TRK-017 engine_temp cant be negative
2026-10-02 13:05:02 | WARNING | log for event - evt-00081 is missing Truck id
2026-10-02 13:05:02 | WARNING | log for truck - TRK-014 engine_temp cant be negative
2026-10-02 13:05:02 | WARNING | log for event - evt-00089 is missing Truck id
2026-10-02 13:05:02 | WARNING | log for event - evt-00199 is missing Truck id
2026-10-02 13:05:02 | WARNING | log for event - evt-00235 is missing Truck id
2026-10-02 13:05:02 | WARNING | log for event - evt-00301 is missing Truck id
2026-10-02 13:05:02 | WARNING | log for truck - TRK-012 is missing engine_temp
2026-10-02 13:05:02 | WARNING | log for truck - TRK-003 engine_temp cant be negative
2026-10-02 13:05:02 | WARNING | log for truck - TRK-001 is missing engine_temp
2026-10-02 13:05:02 | WARNING | log for event - evt-00406 is missing Truck id
2026-10-02 13:05:02 | WARNING | log for truck - TRK-014 is missing engine_temp
2026-10-02 13:05:02 | WARNING | log for truck - TRK-001 is missing engine_temp
2026-10-02 13:05:02 | WARNING | log for truck - TRK-012 engine_temp cant be negative
2026-10-02 13:05:02 | WARNING | log for truck - TRK-019 is missing engine_temp
2026-10-02 13:05:02 | WARNING | log for truck - TRK-010 is missing engine_temp
2026-10-02 13:05:02 | WARNING | log for truck - TRK-010 is missing engine_temp
2026-10-02 13:05:02 | WARNING | log for truck - TRK-008 is missing engine_temp
2026-10-02 13:05:02 | WARNING | log for event - evt-00514 is missing Truck id
2026-10-02 13:05:02 | WARNING | log for truck - TRK-013 is missing engine_temp
2026-10-02 13:05:02 | WARNING | log for event - evt-00562 is missing Truck id
2026-10-02 13:05:02 | WARNING | log for truck - TRK-015 engine_temp cant be negative
2026-10-02 13:05:02 | WARNING | log for truck - TRK-012 engine_temp cant be negative
2026-10-02 13:05:02 | WARNING | log for truck - TRK-001 is missing engine_temp
2026-10-02 13:05:02 | WARNING | log for truck - TRK-009 is missing engine_temp
2026-10-02 13:05:02 | WARNING | log for event - evt-00631 is missing Truck id
2026-10-02 13:05:02 | WARNING | log for truck - TRK-018 is missing engine_temp
2026-10-02 13:05:02 | WARNING | log for truck - TRK-009 engine_temp cant be negative
2026-10-02 13:05:02 | WARNING | log for truck - TRK-015 is missing engine_temp
2026-10-02 13:05:02 | WARNING | log for truck - TRK-013 engine_temp cant be negative
2026-10-02 13:05:02 | WARNING | log for event - evt-00718 is missing Truck id
2026-10-02 13:05:02 | WARNING | log for truck - TRK-012 is missing engine_temp
2026-10-02 13:05:02 | WARNING | log for event - evt-00834 is missing Truck id
2026-10-02 13:05:02 | WARNING | log for truck - TRK-004 is missing engine_temp
2026-10-02 13:05:02 | WARNING | log for truck - TRK-013 is missing engine_temp
2026-10-02 13:05:02 | WARNING | log for truck - TRK-020 is missing engine_temp
2026-10-02 13:05:02 | WARNING | log for event - evt-00971 is missing Truck id
2026-10-02 13:05:02 | WARNING | log for truck - TRK-009 engine_temp cant be negative
2026-10-02 13:05:02 | WARNING | log for truck - TRK-016 is missing engine_temp
2026-10-02 13:05:02 | WARNING | log for truck - TRK-012 engine_temp cant be negative
2026-10-02 13:05:02 | WARNING | log for truck - TRK-002 is missing engine_temp
2026-10-02 13:05:02 | WARNING | log for event - evt-01212 is missing Truck id
2026-10-02 13:05:02 | WARNING | log for truck - TRK-016 is missing engine_temp
2026-10-02 13:05:02 | WARNING | log for truck - TRK-014 is missing engine_temp
2026-10-02 13:05:02 | WARNING | log for truck - TRK-005 is missing engine_temp
2026-10-02 13:05:02 | WARNING | log for event - evt-01320 is missing Truck id
2026-10-02 13:05:02 | WARNING | log for truck - TRK-002 is missing engine_temp
2026-10-02 13:05:02 | WARNING | log for truck - TRK-017 engine_temp cant be negative
2026-10-02 13:05:02 | WARNING | log for event - evt-01416 is missing Truck id
2026-10-02 13:05:02 | WARNING | log for truck - TRK-017 is missing engine_temp
2026-10-02 13:05:02 | WARNING | log for truck - TRK-016 is missing engine_temp
2026-10-02 13:05:02 | WARNING | log for truck - TRK-015 engine_temp cant be negative
2026-10-02 13:05:02 | WARNING | log for event - evt-01493 is missing Truck id
2026-10-02 13:05:02 | WARNING | log for truck - TRK-007 engine_temp cant be negative
2026-10-02 13:05:09 | INFO | Produced event to topic telemetry-events: key = No Key value = ["evt-00001", "TRK-018", "2026-10-01T08:00:10Z", 81.3]
2026-10-02 13:05:09 | INFO | Produced event to topic telemetry-events: key = No Key value = ["evt-00002", "TRK-016", "2026-10-01T08:00:18Z", 82.7]
2026-10-02 13:05:09 | INFO | Produced event to topic telemetry-events: key = No Key value = ["evt-00003", "TRK-008", "2026-10-01T08:00:23Z", 79.6]
2026-10-02 13:05:09 | INFO | Produced event to topic telemetry-events: key = No Key value = ["evt-00004", "TRK-013", "2026-10-01T08:00:32Z", 79.7]
2026-10-02 13:05:09 | INFO | Produced event to topic telemetry-events: key = No Key value = ["evt-00005", "TRK-013", "2026-10-01T08:00:33Z", 79.7]
2026-10-02 13:05:09 | INFO | Produced event to topic telemetry-events: key = No Key value = ["evt-00007", "TRK-019", "2026-10-01T08:00:42Z", 83.3]
2026-10-02 13:05:09 | INFO | Produced event to topic telemetry-events: key = No Key value = ["evt-00008", "TRK-010", "2026-10-01T08:00:49Z", 82.6]
2026-10-02 13:05:09 | INFO | Produced event to topic telemetry-events: key = No Key value = ["evt-00009", "TRK-007", "2026-10-01T08:00:58Z", 80.6]
2026-10-02 13:05:09 | INFO | Produced event to topic telemetry-events: key = No Key value = ["evt-00010", "TRK-005", "2026-10-01T08:01:01Z", 85.5]
2026-10-02 13:05:09 | INFO | Produced event to topic telemetry-events: key = No Key value = ["evt-00011", "TRK-003", "2026-10-01T08:01:02Z", 80.5]
2026-10-02 13:05:09 | INFO | Produced event to topic telemetry-events: key = No Key value = ["evt-00012", "TRK-005", "2026-10-01T08:01:12Z", 85.4]
2026-10-02 13:05:09 | INFO | Produced event to topic telemetry-events: key = No Key value = ["evt-00013", "TRK-014", "2026-10-01T08:01:19Z", 84.5]
2026-10-02 13:05:09 | INFO | Produced event to topic telemetry-events: key = No Key value = ["evt-00014", "TRK-007", "2026-10-01T08:01:20Z", 80.0]
2026-10-02 13:05:09 | INFO | Produced event to topic telemetry-events: key = No Key value = ["evt-00015", "TRK-004", "2026-10-01T08:01:34Z", 84.9]
2026-10-02 13:05:09 | INFO | Produced event to topic telemetry-events: key = No Key value = ["evt-00016", "TRK-004", "2026-10-01T08:01:47Z", 84.3]
2026-10-02 13:05:09 | INFO | Produced event to topic telemetry-events: key = No Key value = ["evt-00017", "TRK-019", "2026-10-01T08:01:53Z", 83.5]
2026-10-02 13:05:09 | INFO | Produced event to topic telemetry-events: key = No Key value = ["evt-00018", "TRK-006", "2026-10-01T08:02:05Z", 84.6]
2026-10-02 13:05:09 | INFO | Produced event to topic telemetry-events: key = No Key value = ["evt-00019", "TRK-012", "2026-10-01T08:02:09Z", 82.5]
2026-10-02 13:05:09 | INFO | Produced event to topic telemetry-events: key = No Key value = ["evt-00020", "TRK-007", "2026-10-01T08:02:23Z", 80.6]
2026-10-02 13:05:09 | INFO | Produced event to topic telemetry-events: key = No Key value = ["evt-00021", "TRK-020", "2026-10-01T08:02:36Z", 79.3]
2026-10-02 13:05:09 | INFO | Produced event to topic telemetry-events: key = No Key value = ["evt-00022", "TRK-019", "2026-10-01T08:02:46Z", 83.7]
2026-10-02 13:05:09 | INFO | Produced event to topic telemetry-events: key = No Key value = ["evt-00023", "TRK-015", "2026-10-01T08:02:57Z", 81.4]
2026-10-02 13:05:09 | INFO | Produced event to topic telemetry-events: key = No Key value = ["evt-00024", "TRK-017", "2026-10-01T08:03:11Z", 80.3]
2026-10-02 13:05:09 | INFO | Produced event to topic telemetry-events: key = No Key value = ["evt-00025", "TRK-020", "2026-10-01T08:03:23Z", 79.3]
2026-10-02 13:05:09 | INFO | Produced event to topic telemetry-events: key = No Key value = ["evt-00027", "TRK-002", "2026-10-01T08:03:43Z", 80.7]
2026-10-02 13:05:09 | INFO | Produced event to topic telemetry-events: key = No Key value = ["evt-00028", "TRK-012", "2026-10-01T08:03:53Z", 82.7]
2026-10-02 13:05:09 | INFO | Produced event to topic telemetry-events: key = No Key value = ["evt-00029", "TRK-004", "2026-10-01T08:04:00Z", 83.8]
2026-10-02 13:05:09 | INFO | Produced event to topic telemetry-events: key = No Key value = ["evt-00030", "TRK-005", "2026-10-01T08:04:04Z", 85.9]
2026-10-02 13:05:09 | INFO | Produced event to topic telemetry-events: key = No Key value = ["evt-00031", "TRK-011", "2026-10-01T08:04:05Z", 80.6]
2026-10-02 13:05:09 | INFO | Produced event to topic telemetry-events: key = No Key value = ["evt-00032", "TRK-003", "2026-10-01T08:04:09Z", 79.8]
2026-10-02 13:05:09 | INFO | Produced event to topic telemetry-events: key = No Key value = ["evt-00033", "TRK-004", "2026-10-01T08:04:12Z", 84.4]
2026-10-02 13:05:09 | INFO | Produced event to topic telemetry-events: key = No Key value = ["evt-00034", "TRK-007", "2026-10-01T08:04:16Z", 81.0]
2026-10-02 13:05:09 | INFO | Produced event to topic telemetry-events: key = No Key value = ["evt-00035", "TRK-008", "2026-10-01T08:04:23Z", 79.0]
2026-10-02 13:05:09 | INFO | Produced event to topic telemetry-events: key = No Key value = ["evt-00036", "TRK-010", "2026-10-01T08:04:26Z", 82.4]
2026-10-02 13:05:09 | INFO | Produced event to topic telemetry-events: key = No Key value = ["evt-00037", "TRK-016", "2026-10-01T08:04:36Z", 82.7]
2026-10-02 13:05:09 | INFO | Produced event to topic telemetry-events: key = No Key value = ["evt-00038", "TRK-001", "2026-10-01T08:04:50Z", 83.3]
2026-10-02 13:05:09 | INFO | Produced event to topic telemetry-events: key = No Key value = ["evt-00039", "TRK-005", "2026-10-01T08:05:01Z", 85.5]
2026-10-02 13:05:09 | INFO | Produced event to topic telemetry-events: key = No Key value = ["evt-00040", "TRK-016", "2026-10-01T08:05:04Z", 82.2]
2026-10-02 13:05:09 | INFO | Produced event to topic telemetry-events: key = No Key value = ["evt-00041", "TRK-001", "2026-10-01T08:05:12Z", 83.7]
2026-10-02 13:05:09 | INFO | Produced event to topic telemetry-events: key = No Key value = ["evt-00042", "TRK-016", "2026-10-01T08:05:26Z", 82.8]
2026-10-02 13:05:09 | INFO | Produced event to topic telemetry-events: key = No Key value = ["evt-00043", "TRK-018", "2026-10-01T08:05:40Z", 82.4]
2026-10-02 13:05:09 | INFO | Produced event to topic telemetry-events: key = No Key value = ["evt-00044", "TRK-009", "2026-10-01T08:05:44Z", 83.7]
2026-10-02 13:05:09 | INFO | Produced event to topic telemetry-events: key = No Key value = ["evt-00045", "TRK-001", "2026-10-01T08:05:58Z", 84.4]
2026-10-02 13:05:09 | INFO | Produced event to topic telemetry-events: key = No Key value = ["evt-00046", "TRK-007", "2026-10-01T08:06:01Z", 80.5]
2026-10-02 13:05:09 | INFO | Produced event to topic telemetry-events: key = No Key value = ["evt-00047", "TRK-001", "2026-10-01T08:06:13Z", 85.7]
2026-10-02 13:05:09 | INFO | Produced event to topic telemetry-events: key = No Key value = ["evt-00048", "TRK-006", "2026-10-01T08:06:19Z", 84.7]
2026-10-02 13:05:09 | INFO | Produced event to topic telemetry-events: key = No Key value = ["evt-00049", "TRK-008", "2026-10-01T08:06:30Z", 78.0]
2026-10-02 13:05:09 | INFO | Produced event to topic telemetry-events: key = No Key value = ["evt-00050", "TRK-015", "2026-10-01T08:06:31Z", 80.9]
2026-10-02 13:05:09 | INFO | Produced event to topic telemetry-events: key = No Key value = ["evt-00051", "TRK-016", "2026-10-01T08:06:34Z", 83.7]
2026-10-02 13:05:09 | INFO | Produced event to topic telemetry-events: key = No Key value = ["evt-00052", "TRK-012", "2026-10-01T08:06:46Z", 83.0]
2026-10-02 13:05:09 | INFO | Produced event to topic telemetry-events: key = No Key value = ["evt-00053", "TRK-014", "2026-10-01T08:06:51Z", 84.7]
2026-10-02 13:05:09 | INFO | Produced event to topic telemetry-events: key = No Key value = ["evt-00054", "TRK-017", "2026-10-01T08:07:05Z", 79.6]
2026-10-02 13:05:09 | INFO | Produced event to topic telemetry-events: key = No Key value = ["evt-00055", "TRK-003", "2026-10-01T08:07:17Z", 79.5]
2026-10-02 13:05:09 | INFO | Produced event to topic telemetry-events: key = No Key value = ["evt-00056", "TRK-001", "2026-10-01T08:07:20Z", 86.2]
2026-10-02 13:05:09 | INFO | Produced event to topic telemetry-events: key = No Key value = ["evt-00057", "TRK-010", "2026-10-01T08:07:26Z", 82.8]
2026-10-02 13:05:09 | INFO | Produced event to topic telemetry-events: key = No Key value = ["evt-00058", "TRK-015", "2026-10-01T08:07:32Z", 82.0]
2026-10-02 13:05:09 | INFO | Produced event to topic telemetry-events: key = No Key value = ["evt-00059", "TRK-010", "2026-10-01T08:07:34Z", 83.3]
2026-10-02 13:05:09 | INFO | Produced event to topic telemetry-events: key = No Key value = ["evt-00060", "TRK-016", "2026-10-01T08:07:41Z", 83.5]
2026-10-02 13:05:09 | INFO | Produced event to topic telemetry-events: key = No Key value = ["evt-00061", "TRK-003", "2026-10-01T08:07:43Z", 79.8]
2026-10-02 13:05:09 | INFO | Produced event to topic telemetry-events: key = No Key value = ["evt-00062", "TRK-001", "2026-10-01T08:07:51Z", 88.5]
2026-10-02 13:05:09 | INFO | Produced event to topic telemetry-events: key = No Key value = ["evt-00063", "TRK-016", "2026-10-01T08:08:05Z", 83.3]
2026-10-02 13:05:09 | INFO | Produced event to topic telemetry-events: key = No Key value = ["evt-00064", "TRK-002", "2026-10-01T08:08:12Z", 81.2]
2026-10-02 13:05:09 | INFO | Produced event to topic telemetry-events: key = No Key value = ["evt-00065", "TRK-019", "2026-10-01T08:08:21Z", 83.8]
2026-10-02 13:05:09 | INFO | Produced event to topic telemetry-events: key = No Key value = ["evt-00066", "TRK-010", "2026-10-01T08:08:27Z", 83.4]
2026-10-02 13:05:09 | INFO | Produced event to topic telemetry-events: key = No Key value = ["evt-00067", "TRK-011", "2026-10-01T08:08:39Z", 81.2]
2026-10-02 13:05:09 | INFO | Produced event to topic telemetry-events: key = No Key value = ["evt-00068", "TRK-012", "2026-10-01T08:08:44Z", 82.6]
2026-10-02 13:05:09 | INFO | Produced event to topic telemetry-events: key = No Key value = ["evt-00069", "TRK-006", "2026-10-01T08:08:57Z", 84.4]
2026-10-02 13:05:09 | INFO | Produced event to topic telemetry-events: key = No Key value = ["evt-00070", "TRK-008", "2026-10-01T08:09:01Z", 78.0]
2026-10-02 13:05:09 | INFO | Produced event to topic telemetry-events: key = No Key value = ["evt-00071", "TRK-018", "2026-10-01T08:09:13Z", 81.6]
2026-10-02 13:05:09 | INFO | Produced event to topic telemetry-events: key = No Key value = ["evt-00072", "TRK-005", "2026-10-01T08:09:23Z", 84.3]
2026-10-02 13:05:09 | INFO | Produced event to topic telemetry-events: key = No Key value = ["evt-00073", "TRK-009", "2026-10-01T08:09:35Z", 83.0]
2026-10-02 13:05:09 | INFO | Produced event to topic telemetry-events: key = No Key value = ["evt-00074", "TRK-002", "2026-10-01T08:09:49Z", 81.0]
2026-10-02 13:05:09 | INFO | Produced event to topic telemetry-events: key = No Key value = ["evt-00075", "TRK-008", "2026-10-01T08:10:02Z", 78.2]
2026-10-02 13:05:09 | INFO | Produced event to topic telemetry-events: key = No Key value = ["evt-00076", "TRK-003", "2026-10-01T08:10:14Z", 80.8]
2026-10-02 13:05:09 | INFO | Produced event to topic telemetry-events: key = No Key value = ["evt-00077", "TRK-019", "2026-10-01T08:10:19Z", 83.6]
2026-10-02 13:05:09 | INFO | Produced event to topic telemetry-events: key = No Key value = ["evt-00078", "TRK-015", "2026-10-01T08:10:20Z", 81.5]
2026-10-02 13:05:09 | INFO | Produced event to topic telemetry-events: key = No Key value = ["evt-00079", "TRK-020", "2026-10-01T08:10:25Z", 78.8]
2026-10-02 13:05:09 | INFO | Produced event to topic telemetry-events: key = No Key value = ["evt-00080", "TRK-007", "2026-10-01T08:10:29Z", 80.5]
2026-10-02 13:05:09 | INFO | Produced event to topic telemetry-events: key = No Key value = ["evt-00082", "TRK-019", "2026-10-01T08:10:46Z", 83.9]
2026-10-02 13:05:09 | INFO | Produced event to topic telemetry-events: key = No Key value = ["evt-00083", "TRK-005", "2026-10-01T08:10:59Z", 84.0]
2026-10-02 13:05:09 | INFO | Produced event to topic telemetry-events: key = No Key value = ["evt-00084", "TRK-020", "2026-10-01T08:11:07Z", 78.8]
2026-10-02 13:05:09 | INFO | Produced event to topic telemetry-events: key = No Key value = ["evt-00085", "TRK-003", "2026-10-01T08:11:19Z", 81.0]
2026-10-02 13:05:09 | INFO | Produced event to topic telemetry-events: key = No Key value = ["evt-00086", "TRK-012", "2026-10-01T08:11:22Z", 82.5]
2026-10-02 13:05:09 | INFO | Produced event to topic telemetry-events: key = No Key value = ["evt-00087", "TRK-008", "2026-10-01T08:11:32Z", 78.0]
2026-10-02 13:05:09 | INFO | Produced event to topic telemetry-events: key = No Key value = ["evt-00090", "TRK-002", "2026-10-01T08:11:47Z", 80.7]
2026-10-02 13:05:09 | INFO | Produced event to topic telemetry-events: key = No Key value = ["evt-00091", "TRK-004", "2026-10-01T08:11:57Z", 84.9]
2026-10-02 13:05:09 | INFO | Produced event to topic telemetry-events: key = No Key value = ["evt-00092", "TRK-004", "2026-10-01T08:12:06Z", 85.8]
2026-10-02 13:05:09 | INFO | Produced event to topic telemetry-events: key = No Key value = ["evt-00093", "TRK-004", "2026-10-01T08:12:16Z", 86.8]
2026-10-02 13:05:09 | INFO | Produced event to topic telemetry-events: key = No Key value = ["evt-00094", "TRK-003", "2026-10-01T08:12:20Z", 79.8]
2026-10-02 13:05:09 | INFO | Produced event to topic telemetry-events: key = No Key value = ["evt-00098", "TRK-013", "2026-10-01T08:13:00Z", 80.9]
2026-10-02 13:05:09 | INFO | Produced event to topic telemetry-events: key = No Key value = ["evt-00096", "TRK-013", "2026-10-01T08:12:35Z", 80.4]
2026-10-02 13:05:09 | INFO | Produced event to topic telemetry-events: key = No Key value = ["evt-00097", "TRK-009", "2026-10-01T08:12:49Z", 83.0]
2026-10-02 13:05:09 | INFO | Produced event to topic telemetry-events: key = No Key value = ["evt-00099", "TRK-004", "2026-10-01T08:13:12Z", 87.1]
2026-10-02 13:05:09 | INFO | Produced event to topic telemetry-events: key = No Key value = ["evt-00100", "TRK-020", "2026-10-01T08:13:15Z", 78.7]
2026-10-02 13:05:09 | INFO | Produced event to topic telemetry-events: key = No Key value = ["evt-00101", "TRK-016", "2026-10-01T08:13:20Z", 83.4]
2026-10-02 13:05:09 | INFO | Produced event to topic telemetry-events: key = No Key value = ["evt-00102", "TRK-004", "2026-10-01T08:13:25Z", 86.6]
2026-10-02 13:05:09 | INFO | Produced event to topic telemetry-events: key = No Key value = ["evt-00103", "TRK-007", "2026-10-01T08:13:38Z", 80.8]
2026-10-02 13:05:09 | INFO | Produced event to topic telemetry-events: key = No Key value = ["evt-00104", "TRK-015", "2026-10-01T08:13:50Z", 82.5]
2026-10-02 13:05:09 | INFO | Produced event to topic telemetry-events: key = No Key value = ["evt-00105", "TRK-012", "2026-10-01T08:13:51Z", 82.2]
2026-10-02 13:05:09 | INFO | Produced event to topic telemetry-events: key = No Key value = ["evt-00106", "TRK-002", "2026-10-01T08:13:56Z", 80.8]
2026-10-02 13:05:09 | INFO | Produced event to topic telemetry-events: key = No Key value = ["evt-00107", "TRK-006", "2026-10-01T08:13:59Z", 85.1]
2026-10-02 13:05:09 | INFO | Produced event to topic telemetry-events: key = No Key value = ["evt-00108", "TRK-017", "2026-10-01T08:14:06Z", 80.3]
2026-10-02 13:05:09 | INFO | Produced event to topic telemetry-events: key = No Key value = ["evt-00109", "TRK-004", "2026-10-01T08:14:10Z", 86.1]
2026-10-02 13:05:09 | INFO | Produced event to topic telemetry-events: key = No Key value = ["evt-00110", "TRK-007", "2026-10-01T08:14:21Z", 80.6]
2026-10-02 13:05:09 | INFO | Produced event to topic telemetry-events: key = No Key value = ["evt-00111", "TRK-019", "2026-10-01T08:14:28Z", 82.9]
2026-10-02 13:05:09 | INFO | Produced event to topic telemetry-events: key = No Key value = ["evt-00112", "TRK-020", "2026-10-01T08:14:40Z", 78.5]
2026-10-02 13:05:09 | INFO | Produced event to topic telemetry-events: key = No Key value = ["evt-00113", "TRK-009", "2026-10-01T08:14:47Z", 83.3]
2026-10-02 13:05:09 | INFO | Produced event to topic telemetry-events: key = No Key value = ["evt-00114", "TRK-017", "2026-10-01T08:14:56Z", 81.2]
2026-10-02 13:05:09 | INFO | Produced event to topic telemetry-events: key = No Key value = ["evt-00115", "TRK-006", "2026-10-01T08:15:01Z", 85.1]
2026-10-02 13:05:09 | INFO | Produced event to topic telemetry-events: key = No Key value = ["evt-00116", "TRK-005", "2026-10-01T08:15:05Z", 84.6]
2026-10-02 13:05:09 | INFO | Produced event to topic telemetry-events: key = No Key value = ["evt-00117", "TRK-020", "2026-10-01T08:15:14Z", 79.8]
2026-10-02 13:05:09 | INFO | Produced event to topic telemetry-events: key = No Key value = ["evt-00118", "TRK-001", "2026-10-01T08:15:19Z", 88.7]
2026-10-02 13:05:09 | INFO | Produced event to topic telemetry-events: key = No Key value = ["evt-00119", "TRK-003", "2026-10-01T08:15:26Z", 81.2]
2026-10-02 13:05:09 | INFO | Produced event to topic telemetry-events: key = No Key value = ["evt-00120", "TRK-004", "2026-10-01T08:15:36Z", 85.7]
2026-10-02 13:05:09 | INFO | Produced event to topic telemetry-events: key = No Key value = ["evt-00121", "TRK-018", "2026-10-01T08:15:48Z", 80.5]
2026-10-02 13:05:09 | INFO | Produced event to topic telemetry-events: key = No Key value = ["evt-00122", "TRK-016", "2026-10-01T08:16:01Z", 83.6]
2026-10-02 13:05:09 | INFO | Produced event to topic telemetry-events: key = No Key value = ["evt-00123", "TRK-003", "2026-10-01T08:16:14Z", 81.1]
2026-10-02 13:05:09 | INFO | Produced event to topic telemetry-events: key = No Key value = ["evt-00124", "TRK-002", "2026-10-01T08:16:24Z", 81.2]
2026-10-02 13:05:09 | INFO | Produced event to topic telemetry-events: key = No Key value = ["evt-00125", "TRK-018", "2026-10-01T08:16:35Z", 81.2]
2026-10-02 13:05:09 | INFO | Produced event to topic telemetry-events: key = No Key value = ["evt-00126", "TRK-017", "2026-10-01T08:16:46Z", 81.0]
2026-10-02 13:05:09 | INFO | Produced event to topic telemetry-events: key = No Key value = ["evt-00127", "TRK-017", "2026-10-01T08:16:59Z", 81.1]
2026-10-02 13:05:09 | INFO | Produced event to topic telemetry-events: key = No Key value = ["evt-00128", "TRK-005", "2026-10-01T08:17:05Z", 84.3]
2026-10-02 13:05:09 | INFO | Produced event to topic telemetry-events: key = No Key value = ["evt-00129", "TRK-005", "2026-10-01T08:17:10Z", 84.1]
2026-10-02 13:05:09 | INFO | Produced event to topic telemetry-events: key = No Key value = ["evt-00130", "TRK-019", "2026-10-01T08:17:23Z", 82.0]
2026-10-02 13:05:09 | INFO | Produced event to topic telemetry-events: key = No Key value = ["evt-00131", "TRK-001", "2026-10-01T08:17:24Z", 86.7]
2026-10-02 13:05:09 | INFO | Produced event to topic telemetry-events: key = No Key value = ["evt-00132", "TRK-018", "2026-10-01T08:17:36Z", 81.0]
2026-10-02 13:05:09 | INFO | Produced event to topic telemetry-events: key = No Key value = ["evt-00133", "TRK-012", "2026-10-01T08:17:41Z", 81.9]
2026-10-02 13:05:09 | INFO | Produced event to topic telemetry-events: key = No Key value = ["evt-00134", "TRK-005", "2026-10-01T08:17:46Z", 85.7]
2026-10-02 13:05:09 | INFO | Produced event to topic telemetry-events: key = No Key value = ["evt-00135", "TRK-011", "2026-10-01T08:17:49Z", 81.3]
2026-10-02 13:05:09 | INFO | Produced event to topic telemetry-events: key = No Key value = ["evt-00136", "TRK-018", "2026-10-01T08:17:51Z", 81.5]
2026-10-02 13:05:09 | INFO | Produced event to topic telemetry-events: key = No Key value = ["evt-00137", "TRK-015", "2026-10-01T08:18:02Z", 82.6]
2026-10-02 13:05:09 | INFO | Produced event to topic telemetry-events: key = No Key value = ["evt-00138", "TRK-001", "2026-10-01T08:18:10Z", 86.4]
2026-10-02 13:05:09 | INFO | Produced event to topic telemetry-events: key = No Key value = ["evt-00139", "TRK-010", "2026-10-01T08:18:13Z", 84.0]
2026-10-02 13:05:09 | INFO | Produced event to topic telemetry-events: key = No Key value = ["evt-00140", "TRK-017", "2026-10-01T08:18:23Z", 81.5]
2026-10-02 13:05:09 | INFO | Produced event to topic telemetry-events: key = No Key value = ["evt-00141", "TRK-020", "2026-10-01T08:18:31Z", 79.9]
2026-10-02 13:05:09 | INFO | Produced event to topic telemetry-events: key = No Key value = ["evt-00142", "TRK-011", "2026-10-01T08:18:42Z", 81.1]
2026-10-02 13:05:09 | INFO | Produced event to topic telemetry-events: key = No Key value = ["evt-00143", "TRK-019", "2026-10-01T08:18:51Z", 83.4]
2026-10-02 13:05:09 | INFO | Produced event to topic telemetry-events: key = No Key value = ["evt-00144", "TRK-016", "2026-10-01T08:18:59Z", 83.0]
2026-10-02 13:05:09 | INFO | Produced event to topic telemetry-events: key = No Key value = ["evt-00145", "TRK-004", "2026-10-01T08:19:07Z", 86.3]
2026-10-02 13:05:09 | INFO | Produced event to topic telemetry-events: key = No Key value = ["evt-00146", "TRK-018", "2026-10-01T08:19:20Z", 81.4]
2026-10-02 13:05:09 | INFO | Produced event to topic telemetry-events: key = No Key value = ["evt-00147", "TRK-019", "2026-10-01T08:19:25Z", 83.1]
2026-10-02 13:05:09 | INFO | Produced event to topic telemetry-events: key = No Key value = ["evt-00148", "TRK-006", "2026-10-01T08:19:26Z", 84.6]
2026-10-02 13:05:09 | INFO | Produced event to topic telemetry-events: key = No Key value = ["evt-00149", "TRK-012", "2026-10-01T08:19:36Z", 81.2]
2026-10-02 13:05:09 | INFO | Produced event to topic telemetry-events: key = No Key value = ["evt-00150", "TRK-015", "2026-10-01T08:19:45Z", 81.9]
2026-10-02 13:05:09 | INFO | Produced event to topic telemetry-events: key = No Key value = ["evt-00151", "TRK-011", "2026-10-01T08:19:58Z", 81.2]
2026-10-02 13:05:09 | INFO | Produced event to topic telemetry-events: key = No Key value = ["evt-00152", "TRK-015", "2026-10-01T08:20:06Z", 81.5]
2026-10-02 13:05:09 | INFO | Produced event to topic telemetry-events: key = No Key value = ["evt-00153", "TRK-014", "2026-10-01T08:20:14Z", 84.0]
2026-10-02 13:05:09 | INFO | Produced event to topic telemetry-events: key = No Key value = ["evt-00154", "TRK-019", "2026-10-01T08:20:21Z", 83.1]
2026-10-02 13:05:09 | INFO | Produced event to topic telemetry-events: key = No Key value = ["evt-00155", "TRK-014", "2026-10-01T08:20:32Z", 83.4]
2026-10-02 13:05:09 | INFO | Produced event to topic telemetry-events: key = No Key value = ["evt-00156", "TRK-003", "2026-10-01T08:20:35Z", 81.1]
2026-10-02 13:05:09 | INFO | Produced event to topic telemetry-events: key = No Key value = ["evt-00157", "TRK-005", "2026-10-01T08:20:47Z", 85.3]
2026-10-02 13:05:09 | INFO | Produced event to topic telemetry-events: key = No Key value = ["evt-00158", "TRK-017", "2026-10-01T08:21:00Z", 80.8]
2026-10-02 13:05:09 | INFO | Produced event to topic telemetry-events: key = No Key value = ["evt-00159", "TRK-004", "2026-10-01T08:21:10Z", 86.3]
2026-10-02 13:05:09 | INFO | Produced event to topic telemetry-events: key = No Key value = ["evt-00160", "TRK-015", "2026-10-01T08:21:16Z", 82.4]
2026-10-02 13:05:09 | INFO | Produced event to topic telemetry-events: key = No Key value = ["evt-00161", "TRK-008", "2026-10-01T08:21:24Z", 78.0]
2026-10-02 13:05:09 | INFO | Produced event to topic telemetry-events: key = No Key value = ["evt-00162", "TRK-006", "2026-10-01T08:21:28Z", 84.5]
2026-10-02 13:05:09 | INFO | Produced event to topic telemetry-events: key = No Key value = ["evt-00163", "TRK-002", "2026-10-01T08:21:39Z", 80.4]
2026-10-02 13:05:09 | INFO | Produced event to topic telemetry-events: key = No Key value = ["evt-00164", "TRK-006", "2026-10-01T08:21:45Z", 84.9]
2026-10-02 13:05:09 | INFO | Produced event to topic telemetry-events: key = No Key value = ["evt-00165", "TRK-004", "2026-10-01T08:21:59Z", 85.9]
2026-10-02 13:05:09 | INFO | Produced event to topic telemetry-events: key = No Key value = ["evt-00166", "TRK-009", "2026-10-01T08:22:06Z", 82.8]
2026-10-02 13:05:09 | INFO | Produced event to topic telemetry-events: key = No Key value = ["evt-00167", "TRK-008", "2026-10-01T08:22:11Z", 78.2]
2026-10-02 13:05:09 | INFO | Produced event to topic telemetry-events: key = No Key value = ["evt-00168", "TRK-006", "2026-10-01T08:22:17Z", 84.8]
2026-10-02 13:05:09 | INFO | Produced event to topic telemetry-events: key = No Key value = ["evt-00169", "TRK-006", "2026-10-01T08:22:20Z", 85.2]
2026-10-02 13:05:09 | INFO | Produced event to topic telemetry-events: key = No Key value = ["evt-00170", "TRK-019", "2026-10-01T08:22:33Z", 83.6]
2026-10-02 13:05:09 | INFO | Produced event to topic telemetry-events: key = No Key value = ["evt-00171", "TRK-006", "2026-10-01T08:22:43Z", 84.7]
2026-10-02 13:05:09 | INFO | Produced event to topic telemetry-events: key = No Key value = ["evt-00172", "TRK-017", "2026-10-01T08:22:55Z", 79.7]
2026-10-02 13:05:09 | INFO | Produced event to topic telemetry-events: key = No Key value = ["evt-00173", "TRK-014", "2026-10-01T08:23:01Z", 82.7]
2026-10-02 13:05:09 | INFO | Produced event to topic telemetry-events: key = No Key value = ["evt-00174", "TRK-011", "2026-10-01T08:23:04Z", 81.3]
2026-10-02 13:05:09 | INFO | Produced event to topic telemetry-events: key = No Key value = ["evt-00175", "TRK-018", "2026-10-01T08:23:12Z", 81.0]
2026-10-02 13:05:09 | INFO | Produced event to topic telemetry-events: key = No Key value = ["evt-00176", "TRK-017", "2026-10-01T08:23:21Z", 80.2]
2026-10-02 13:05:09 | INFO | Produced event to topic telemetry-events: key = No Key value = ["evt-00177", "TRK-006", "2026-10-01T08:23:28Z", 84.6]
2026-10-02 13:05:10 | INFO | Produced event to topic telemetry-events: key = No Key value = ["evt-00178", "TRK-012", "2026-10-01T08:23:30Z", 81.3]
2026-10-02 13:05:10 | INFO | Produced event to topic telemetry-events: key = No Key value = ["evt-00179", "TRK-011", "2026-10-01T08:23:39Z", 81.0]
2026-10-02 13:05:10 | INFO | Produced event to topic telemetry-events: key = No Key value = ["evt-00180", "TRK-008", "2026-10-01T08:23:50Z", 78.0]
2026-10-02 13:05:10 | INFO | Produced event to topic telemetry-events: key = No Key value = ["evt-00181", "TRK-014", "2026-10-01T08:24:02Z", 82.5]
2026-10-02 13:05:10 | INFO | Produced event to topic telemetry-events: key = No Key value = ["evt-00182", "TRK-014", "2026-10-01T08:24:12Z", 82.3]
2026-10-02 13:05:10 | INFO | Produced event to topic telemetry-events: key = No Key value = ["evt-00183", "TRK-013", "2026-10-01T08:24:22Z", 81.6]
2026-10-02 13:05:10 | INFO | Produced event to topic telemetry-events: key = No Key value = ["evt-00184", "TRK-014", "2026-10-01T08:24:25Z", 82.1]
2026-10-02 13:05:10 | INFO | Produced event to topic telemetry-events: key = No Key value = ["evt-00185", "TRK-001", "2026-10-01T08:24:32Z", 87.6]
2026-10-02 13:05:10 | INFO | Produced event to topic telemetry-events: key = No Key value = ["evt-00186", "TRK-015", "2026-10-01T08:24:39Z", 81.4]
2026-10-02 13:05:10 | INFO | Produced event to topic telemetry-events: key = No Key value = ["evt-00187", "TRK-008", "2026-10-01T08:24:47Z", 78.0]
2026-10-02 13:05:10 | INFO | Produced event to topic telemetry-events: key = No Key value = ["evt-00188", "TRK-007", "2026-10-01T08:24:50Z", 80.8]
2026-10-02 13:05:10 | INFO | Produced event to topic telemetry-events: key = No Key value = ["evt-00189", "TRK-020", "2026-10-01T08:25:03Z", 80.9]
2026-10-02 13:05:10 | INFO | Produced event to topic telemetry-events: key = No Key value = ["evt-00190", "TRK-006", "2026-10-01T08:25:12Z", 84.6]
2026-10-02 13:05:10 | INFO | Produced event to topic telemetry-events: key = No Key value = ["evt-00191", "TRK-005", "2026-10-01T08:25:23Z", 86.2]
2026-10-02 13:05:10 | INFO | Produced event to topic telemetry-events: key = No Key value = ["evt-00192", "TRK-001", "2026-10-01T08:25:29Z", 87.8]
2026-10-02 13:05:10 | INFO | Produced event to topic telemetry-events: key = No Key value = ["evt-00193", "TRK-015", "2026-10-01T08:25:33Z", 82.8]
2026-10-02 13:05:10 | INFO | Produced event to topic telemetry-events: key = No Key value = ["evt-00194", "TRK-008", "2026-10-01T08:25:38Z", 78.0]
2026-10-02 13:05:10 | INFO | Produced event to topic telemetry-events: key = No Key value = ["evt-00195", "TRK-004", "2026-10-01T08:25:50Z", 86.7]
2026-10-02 13:05:10 | INFO | Produced event to topic telemetry-events: key = No Key value = ["evt-00196", "TRK-005", "2026-10-01T08:25:54Z", 87.4]
2026-10-02 13:05:10 | INFO | Produced event to topic telemetry-events: key = No Key value = ["evt-00197", "TRK-010", "2026-10-01T08:26:02Z", 82.9]
2026-10-02 13:05:10 | INFO | Produced event to topic telemetry-events: key = No Key value = ["evt-00198", "TRK-014", "2026-10-01T08:26:13Z", 83.0]
2026-10-02 13:05:10 | INFO | Produced event to topic telemetry-events: key = No Key value = ["evt-00200", "TRK-011", "2026-10-01T08:26:33Z", 81.1]
2026-10-02 13:05:10 | INFO | Produced event to topic telemetry-events: key = No Key value = ["evt-00201", "TRK-016", "2026-10-01T08:26:37Z", 83.7]
2026-10-02 13:05:10 | INFO | Produced event to topic telemetry-events: key = No Key value = ["evt-00202", "TRK-009", "2026-10-01T08:26:43Z", 83.2]
2026-10-02 13:05:10 | INFO | Produced event to topic telemetry-events: key = No Key value = ["evt-00203", "TRK-014", "2026-10-01T08:26:51Z", 82.8]
2026-10-02 13:05:10 | INFO | Produced event to topic telemetry-events: key = No Key value = ["evt-00204", "TRK-004", "2026-10-01T08:26:57Z", 86.4]
2026-10-02 13:05:10 | INFO | Produced event to topic telemetry-events: key = No Key value = ["evt-00205", "TRK-001", "2026-10-01T08:27:03Z", 89.3]
2026-10-02 13:05:10 | INFO | Produced event to topic telemetry-events: key = No Key value = ["evt-00206", "TRK-009", "2026-10-01T08:27:08Z", 83.5]
2026-10-02 13:05:10 | INFO | Produced event to topic telemetry-events: key = No Key value = ["evt-00207", "TRK-020", "2026-10-01T08:27:17Z", 81.4]
2026-10-02 13:05:10 | INFO | Produced event to topic telemetry-events: key = No Key value = ["evt-00208", "TRK-002", "2026-10-01T08:27:24Z", 79.0]
2026-10-02 13:05:10 | INFO | Produced event to topic telemetry-events: key = No Key value = ["evt-00209", "TRK-002", "2026-10-01T08:27:35Z", 78.1]
2026-10-02 13:05:10 | INFO | Produced event to topic telemetry-events: key = No Key value = ["evt-00210", "TRK-019", "2026-10-01T08:27:41Z", 83.5]
2026-10-02 13:05:10 | INFO | Produced event to topic telemetry-events: key = No Key value = ["evt-00211", "TRK-007", "2026-10-01T08:27:45Z", 81.3]
2026-10-02 13:05:10 | INFO | Produced event to topic telemetry-events: key = No Key value = ["evt-00212", "TRK-011", "2026-10-01T08:27:51Z", 81.0]
2026-10-02 13:05:10 | INFO | Produced event to topic telemetry-events: key = No Key value = ["evt-00213", "TRK-018", "2026-10-01T08:27:56Z", 81.3]
2026-10-02 13:05:10 | INFO | Produced event to topic telemetry-events: key = No Key value = ["evt-00214", "TRK-020", "2026-10-01T08:28:02Z", 81.5]
2026-10-02 13:05:10 | INFO | Produced event to topic telemetry-events: key = No Key value = ["evt-00215", "TRK-008", "2026-10-01T08:28:03Z", 78.0]
2026-10-02 13:05:10 | INFO | Produced event to topic telemetry-events: key = No Key value = ["evt-00216", "TRK-019", "2026-10-01T08:28:14Z", 82.8]
2026-10-02 13:05:10 | INFO | Produced event to topic telemetry-events: key = No Key value = ["evt-00217", "TRK-017", "2026-10-01T08:28:27Z", 80.9]
2026-10-02 13:05:10 | INFO | Produced event to topic telemetry-events: key = No Key value = ["evt-00218", "TRK-001", "2026-10-01T08:28:41Z", 89.1]
2026-10-02 13:05:10 | INFO | Produced event to topic telemetry-events: key = No Key value = ["evt-00219", "TRK-018", "2026-10-01T08:28:43Z", 80.4]
2026-10-02 13:05:10 | INFO | Produced event to topic telemetry-events: key = No Key value = ["evt-00220", "TRK-019", "2026-10-01T08:28:47Z", 84.5]
2026-10-02 13:05:10 | INFO | Produced event to topic telemetry-events: key = No Key value = ["evt-00221", "TRK-007", "2026-10-01T08:28:50Z", 80.4]
2026-10-02 13:05:10 | INFO | Produced event to topic telemetry-events: key = No Key value = ["evt-00222", "TRK-001", "2026-10-01T08:28:57Z", 88.6]
2026-10-02 13:05:10 | INFO | Produced event to topic telemetry-events: key = No Key value = ["evt-00223", "TRK-018", "2026-10-01T08:29:04Z", 80.3]
2026-10-02 13:05:10 | INFO | Produced event to topic telemetry-events: key = No Key value = ["evt-00224", "TRK-008", "2026-10-01T08:29:10Z", 78.0]
2026-10-02 13:05:10 | INFO | Produced event to topic telemetry-events: key = No Key value = ["evt-00225", "TRK-005", "2026-10-01T08:29:13Z", 87.5]
2026-10-02 13:05:10 | INFO | Produced event to topic telemetry-events: key = No Key value = ["evt-00226", "TRK-003", "2026-10-01T08:29:21Z", 81.7]
2026-10-02 13:05:10 | INFO | Produced event to topic telemetry-events: key = No Key value = ["evt-00227", "TRK-014", "2026-10-01T08:29:32Z", 82.6]
2026-10-02 13:05:10 | INFO | Produced event to topic telemetry-events: key = No Key value = ["evt-00228", "TRK-018", "2026-10-01T08:29:39Z", 79.7]
2026-10-02 13:05:10 | INFO | Produced event to topic telemetry-events: key = No Key value = ["evt-00229", "TRK-001", "2026-10-01T08:29:46Z", 88.8]
2026-10-02 13:05:10 | INFO | Produced event to topic telemetry-events: key = No Key value = ["evt-00230", "TRK-001", "2026-10-01T08:29:51Z", 89.4]
2026-10-02 13:05:10 | INFO | Produced event to topic telemetry-events: key = No Key value = ["evt-00231", "TRK-010", "2026-10-01T08:29:53Z", 82.7]
2026-10-02 13:05:10 | INFO | Produced event to topic telemetry-events: key = No Key value = ["evt-00232", "TRK-005", "2026-10-01T08:29:59Z", 87.4]
2026-10-02 13:05:10 | INFO | Produced event to topic telemetry-events: key = No Key value = ["evt-00233", "TRK-009", "2026-10-01T08:30:01Z", 83.3]
2026-10-02 13:05:10 | INFO | Produced event to topic telemetry-events: key = No Key value = ["evt-00234", "TRK-012", "2026-10-01T08:30:09Z", 81.5]
2026-10-02 13:05:10 | INFO | Produced event to topic telemetry-events: key = No Key value = ["evt-00236", "TRK-014", "2026-10-01T08:30:25Z", 83.2]
2026-10-02 13:05:10 | INFO | Produced event to topic telemetry-events: key = No Key value = ["evt-00237", "TRK-013", "2026-10-01T08:30:34Z", 82.7]
2026-10-02 13:05:10 | INFO | Produced event to topic telemetry-events: key = No Key value = ["evt-00238", "TRK-004", "2026-10-01T08:30:44Z", 86.2]
2026-10-02 13:05:10 | INFO | Produced event to topic telemetry-events: key = No Key value = ["evt-00239", "TRK-013", "2026-10-01T08:30:46Z", 81.8]
2026-10-02 13:05:10 | INFO | Produced event to topic telemetry-events: key = No Key value = ["evt-00240", "TRK-006", "2026-10-01T08:30:56Z", 84.9]
2026-10-02 13:05:10 | INFO | Produced event to topic telemetry-events: key = No Key value = ["evt-00241", "TRK-010", "2026-10-01T08:31:02Z", 82.9]
2026-10-02 13:05:10 | INFO | Produced event to topic telemetry-events: key = No Key value = ["evt-00242", "TRK-007", "2026-10-01T08:31:12Z", 81.0]
2026-10-02 13:05:10 | INFO | Produced event to topic telemetry-events: key = No Key value = ["evt-00243", "TRK-014", "2026-10-01T08:31:14Z", 83.5]
2026-10-02 13:05:10 | INFO | Produced event to topic telemetry-events: key = No Key value = ["evt-00244", "TRK-004", "2026-10-01T08:31:17Z", 85.7]
2026-10-02 13:05:10 | INFO | Produced event to topic telemetry-events: key = No Key value = ["evt-00245", "TRK-011", "2026-10-01T08:31:25Z", 81.5]
2026-10-02 13:05:10 | INFO | Produced event to topic telemetry-events: key = No Key value = ["evt-00246", "TRK-008", "2026-10-01T08:31:28Z", 78.0]
2026-10-02 13:05:10 | INFO | Produced event to topic telemetry-events: key = No Key value = ["evt-00247", "TRK-015", "2026-10-01T08:31:36Z", 82.8]
2026-10-02 13:05:10 | INFO | Produced event to topic telemetry-events: key = No Key value = ["evt-00248", "TRK-004", "2026-10-01T08:31:40Z", 85.8]
2026-10-02 13:05:10 | INFO | Produced event to topic telemetry-events: key = No Key value = ["evt-00249", "TRK-020", "2026-10-01T08:31:51Z", 81.7]
2026-10-02 13:05:10 | INFO | Produced event to topic telemetry-events: key = No Key value = ["evt-00250", "TRK-009", "2026-10-01T08:32:00Z", 82.7]
2026-10-02 13:05:10 | INFO | Produced event to topic telemetry-events: key = No Key value = ["evt-00251", "TRK-001", "2026-10-01T08:32:09Z", 89.8]
2026-10-02 13:05:10 | INFO | Produced event to topic telemetry-events: key = No Key value = ["evt-00252", "TRK-003", "2026-10-01T08:32:12Z", 82.7]
2026-10-02 13:05:10 | INFO | Produced event to topic telemetry-events: key = No Key value = ["evt-00253", "TRK-012", "2026-10-01T08:32:24Z", 81.3]
2026-10-02 13:05:10 | INFO | Produced event to topic telemetry-events: key = No Key value = ["evt-00254", "TRK-017", "2026-10-01T08:32:37Z", 80.5]
2026-10-02 13:05:10 | INFO | Produced event to topic telemetry-events: key = No Key value = ["evt-00255", "TRK-017", "2026-10-01T08:32:49Z", 81.1]
2026-10-02 13:05:10 | INFO | Produced event to topic telemetry-events: key = No Key value = ["evt-00256", "TRK-017", "2026-10-01T08:32:56Z", 81.2]
2026-10-02 13:05:10 | INFO | Produced event to topic telemetry-events: key = No Key value = ["evt-00257", "TRK-016", "2026-10-01T08:33:02Z", 84.5]
2026-10-02 13:05:10 | INFO | Produced event to topic telemetry-events: key = No Key value = ["evt-00258", "TRK-015", "2026-10-01T08:33:12Z", 83.4]
2026-10-02 13:05:10 | INFO | Produced event to topic telemetry-events: key = No Key value = ["evt-00259", "TRK-017", "2026-10-01T08:33:19Z", 80.4]
2026-10-02 13:05:10 | INFO | Produced event to topic telemetry-events: key = No Key value = ["evt-00260", "TRK-015", "2026-10-01T08:33:24Z", 85.0]
2026-10-02 13:05:10 | INFO | Produced event to topic telemetry-events: key = No Key value = ["evt-00261", "TRK-019", "2026-10-01T08:33:32Z", 85.2]
2026-10-02 13:05:10 | INFO | Produced event to topic telemetry-events: key = No Key value = ["evt-00262", "TRK-018", "2026-10-01T08:33:43Z", 79.6]
2026-10-02 13:05:10 | INFO | Produced event to topic telemetry-events: key = No Key value = ["evt-00263", "TRK-017", "2026-10-01T08:33:57Z", 79.6]
2026-10-02 13:05:10 | INFO | Produced event to topic telemetry-events: key = No Key value = ["evt-00264", "TRK-002", "2026-10-01T08:34:00Z", 78.4]
2026-10-02 13:05:10 | INFO | Produced event to topic telemetry-events: key = No Key value = ["evt-00265", "TRK-008", "2026-10-01T08:34:10Z", 78.0]
2026-10-02 13:05:10 | INFO | Produced event to topic telemetry-events: key = No Key value = ["evt-00266", "TRK-017", "2026-10-01T08:34:14Z", 79.7]
2026-10-02 13:05:10 | INFO | Produced event to topic telemetry-events: key = No Key value = ["evt-00267", "TRK-013", "2026-10-01T08:34:16Z", 80.2]
2026-10-02 13:05:10 | INFO | Produced event to topic telemetry-events: key = No Key value = ["evt-00268", "TRK-002", "2026-10-01T08:34:23Z", 78.8]
2026-10-02 13:05:10 | INFO | Produced event to topic telemetry-events: key = No Key value = ["evt-00269", "TRK-002", "2026-10-01T08:34:37Z", 79.2]
2026-10-02 13:05:10 | INFO | Produced event to topic telemetry-events: key = No Key value = ["evt-00270", "TRK-014", "2026-10-01T08:34:41Z", 83.4]
2026-10-02 13:05:10 | INFO | Produced event to topic telemetry-events: key = No Key value = ["evt-00271", "TRK-017", "2026-10-01T08:34:54Z", 79.6]
2026-10-02 13:05:10 | INFO | Produced event to topic telemetry-events: key = No Key value = ["evt-00272", "TRK-012", "2026-10-01T08:35:03Z", 81.0]
2026-10-02 13:05:10 | INFO | Produced event to topic telemetry-events: key = No Key value = ["evt-00273", "TRK-007", "2026-10-01T08:35:07Z", 80.5]
2026-10-02 13:05:10 | INFO | Produced event to topic telemetry-events: key = No Key value = ["evt-00274", "TRK-014", "2026-10-01T08:35:15Z", 83.9]
2026-10-02 13:05:10 | INFO | Produced event to topic telemetry-events: key = No Key value = ["evt-00275", "TRK-004", "2026-10-01T08:35:17Z", 84.7]
2026-10-02 13:05:10 | INFO | Produced event to topic telemetry-events: key = No Key value = ["evt-00276", "TRK-012", "2026-10-01T08:35:28Z", 80.3]
2026-10-02 13:05:10 | INFO | Produced event to topic telemetry-events: key = No Key value = ["evt-00277", "TRK-005", "2026-10-01T08:35:39Z", 87.6]
2026-10-02 13:05:10 | INFO | Produced event to topic telemetry-events: key = No Key value = ["evt-00278", "TRK-011", "2026-10-01T08:35:53Z", 81.5]
2026-10-02 13:05:10 | INFO | Produced event to topic telemetry-events: key = No Key value = ["evt-00279", "TRK-007", "2026-10-01T08:35:57Z", 80.4]
2026-10-02 13:05:10 | INFO | Produced event to topic telemetry-events: key = No Key value = ["evt-00280", "TRK-019", "2026-10-01T08:36:10Z", 84.8]
2026-10-02 13:05:10 | INFO | Produced event to topic telemetry-events: key = No Key value = ["evt-00281", "TRK-011", "2026-10-01T08:36:12Z", 81.3]
2026-10-02 13:05:10 | INFO | Produced event to topic telemetry-events: key = No Key value = ["evt-00282", "TRK-006", "2026-10-01T08:36:17Z", 84.8]
2026-10-02 13:05:10 | INFO | Produced event to topic telemetry-events: key = No Key value = ["evt-00283", "TRK-015", "2026-10-01T08:36:24Z", 85.9]
2026-10-02 13:05:10 | INFO | Produced event to topic telemetry-events: key = No Key value = ["evt-00284", "TRK-003", "2026-10-01T08:36:27Z", 82.3]
2026-10-02 13:05:10 | INFO | Produced event to topic telemetry-events: key = No Key value = ["evt-00285", "TRK-015", "2026-10-01T08:36:36Z", 86.8]
2026-10-02 13:05:10 | INFO | Produced event to topic telemetry-events: key = No Key value = ["evt-00286", "TRK-009", "2026-10-01T08:36:44Z", 83.7]
2026-10-02 13:05:10 | INFO | Produced event to topic telemetry-events: key = No Key value = ["evt-00287", "TRK-009", "2026-10-01T08:36:47Z", 84.1]
2026-10-02 13:05:10 | INFO | Produced event to topic telemetry-events: key = No Key value = ["evt-00288", "TRK-002", "2026-10-01T08:36:55Z", 79.9]
2026-10-02 13:05:10 | INFO | Produced event to topic telemetry-events: key = No Key value = ["evt-00289", "TRK-006", "2026-10-01T08:37:03Z", 84.7]
2026-10-02 13:05:10 | INFO | Produced event to topic telemetry-events: key = No Key value = ["evt-00290", "TRK-005", "2026-10-01T08:37:15Z", 87.6]
2026-10-02 13:05:10 | INFO | Produced event to topic telemetry-events: key = No Key value = ["evt-00291", "TRK-005", "2026-10-01T08:37:28Z", 87.6]
2026-10-02 13:05:10 | INFO | Produced event to topic telemetry-events: key = No Key value = ["evt-00292", "TRK-019", "2026-10-01T08:37:38Z", 85.5]
2026-10-02 13:05:10 | INFO | Produced event to topic telemetry-events: key = No Key value = ["evt-00293", "TRK-008", "2026-10-01T08:37:40Z", 78.7]
2026-10-02 13:05:10 | INFO | Produced event to topic telemetry-events: key = No Key value = ["evt-00294", "TRK-019", "2026-10-01T08:37:48Z", 85.6]
2026-10-02 13:05:10 | INFO | Produced event to topic telemetry-events: key = No Key value = ["evt-00295", "TRK-016", "2026-10-01T08:37:57Z", 83.8]
2026-10-02 13:05:10 | INFO | Produced event to topic telemetry-events: key = No Key value = ["evt-00296", "TRK-004", "2026-10-01T08:38:08Z", 84.2]
2026-10-02 13:05:10 | INFO | Produced event to topic telemetry-events: key = No Key value = ["evt-00297", "TRK-007", "2026-10-01T08:38:13Z", 80.2]
2026-10-02 13:05:10 | INFO | Produced event to topic telemetry-events: key = No Key value = ["evt-00298", "TRK-018", "2026-10-01T08:38:17Z", 79.1]
2026-10-02 13:05:10 | INFO | Produced event to topic telemetry-events: key = No Key value = ["evt-00299", "TRK-013", "2026-10-01T08:38:30Z", 79.7]
2026-10-02 13:05:10 | INFO | Produced event to topic telemetry-events: key = No Key value = ["evt-00300", "TRK-017", "2026-10-01T08:38:39Z", 79.3]
2026-10-02 13:05:10 | INFO | Produced event to topic telemetry-events: key = No Key value = ["evt-00302", "TRK-009", "2026-10-01T08:38:53Z", 83.7]
2026-10-02 13:05:10 | INFO | Produced event to topic telemetry-events: key = No Key value = ["evt-00303", "TRK-015", "2026-10-01T08:39:07Z", 87.3]
2026-10-02 13:05:10 | INFO | Produced event to topic telemetry-events: key = No Key value = ["evt-00304", "TRK-004", "2026-10-01T08:39:09Z", 84.6]
2026-10-02 13:05:10 | INFO | Produced event to topic telemetry-events: key = No Key value = ["evt-00305", "TRK-017", "2026-10-01T08:39:21Z", 79.3]
2026-10-02 13:05:10 | INFO | Produced event to topic telemetry-events: key = No Key value = ["evt-00306", "TRK-018", "2026-10-01T08:39:23Z", 78.7]
2026-10-02 13:05:10 | INFO | Produced event to topic telemetry-events: key = No Key value = ["evt-00307", "TRK-015", "2026-10-01T08:39:36Z", 88.5]
2026-10-02 13:05:10 | INFO | Produced event to topic telemetry-events: key = No Key value = ["evt-00308", "TRK-012", "2026-10-01T08:39:43Z", 79.8]
2026-10-02 13:05:10 | INFO | Produced event to topic telemetry-events: key = No Key value = ["evt-00309", "TRK-001", "2026-10-01T08:39:49Z", 90.5]
2026-10-02 13:05:10 | INFO | Produced event to topic telemetry-events: key = No Key value = ["evt-00310", "TRK-002", "2026-10-01T08:40:03Z", 79.4]
2026-10-02 13:05:10 | INFO | Produced event to topic telemetry-events: key = No Key value = ["evt-00311", "TRK-004", "2026-10-01T08:40:04Z", 85.4]
2026-10-02 13:05:10 | INFO | Produced event to topic telemetry-events: key = No Key value = ["evt-00312", "TRK-002", "2026-10-01T08:40:18Z", 79.4]
2026-10-02 13:05:10 | INFO | Produced event to topic telemetry-events: key = No Key value = ["evt-00313", "TRK-011", "2026-10-01T08:40:29Z", 80.2]
2026-10-02 13:05:10 | INFO | Produced event to topic telemetry-events: key = No Key value = ["evt-00314", "TRK-006", "2026-10-01T08:40:31Z", 84.3]
2026-10-02 13:05:10 | INFO | Produced event to topic telemetry-events: key = No Key value = ["evt-00315", "TRK-017", "2026-10-01T08:40:40Z", 79.7]
2026-10-02 13:05:10 | INFO | Produced event to topic telemetry-events: key = No Key value = ["evt-00316", "TRK-008", "2026-10-01T08:40:52Z", 79.7]
2026-10-02 13:05:10 | INFO | Produced event to topic telemetry-events: key = No Key value = ["evt-00317", "TRK-017", "2026-10-01T08:41:05Z", 80.1]
2026-10-02 13:05:10 | INFO | Produced event to topic telemetry-events: key = No Key value = ["evt-00318", "TRK-020", "2026-10-01T08:41:12Z", 82.1]
2026-10-02 13:05:10 | INFO | Produced event to topic telemetry-events: key = No Key value = ["evt-00320", "TRK-007", "2026-10-01T08:41:18Z", 79.4]
2026-10-02 13:05:10 | INFO | Produced event to topic telemetry-events: key = No Key value = ["evt-00321", "TRK-020", "2026-10-01T08:41:22Z", 81.2]
2026-10-02 13:05:10 | INFO | Produced event to topic telemetry-events: key = No Key value = ["evt-00322", "TRK-002", "2026-10-01T08:41:30Z", 79.6]
2026-10-02 13:05:10 | INFO | Produced event to topic telemetry-events: key = No Key value = ["evt-00323", "TRK-013", "2026-10-01T08:41:31Z", 79.4]
2026-10-02 13:05:10 | INFO | Produced event to topic telemetry-events: key = No Key value = ["evt-00324", "TRK-011", "2026-10-01T08:41:44Z", 78.7]
2026-10-02 13:05:10 | INFO | Produced event to topic telemetry-events: key = No Key value = ["evt-00325", "TRK-006", "2026-10-01T08:41:53Z", 84.3]
2026-10-02 13:05:10 | INFO | Produced event to topic telemetry-events: key = No Key value = ["evt-00326", "TRK-017", "2026-10-01T08:42:05Z", 79.7]
2026-10-02 13:05:10 | INFO | Produced event to topic telemetry-events: key = No Key value = ["evt-00327", "TRK-015", "2026-10-01T08:42:11Z", 89.4]
2026-10-02 13:05:10 | INFO | Produced event to topic telemetry-events: key = No Key value = ["evt-00328", "TRK-018", "2026-10-01T08:42:23Z", 79.2]
2026-10-02 13:05:10 | INFO | Produced event to topic telemetry-events: key = No Key value = ["evt-00329", "TRK-001", "2026-10-01T08:42:24Z", 90.2]
2026-10-02 13:05:10 | INFO | Produced event to topic telemetry-events: key = No Key value = ["evt-00330", "TRK-006", "2026-10-01T08:42:31Z", 85.0]
2026-10-02 13:05:10 | INFO | Produced event to topic telemetry-events: key = No Key value = ["evt-00331", "TRK-018", "2026-10-01T08:42:33Z", 79.3]
2026-10-02 13:05:10 | INFO | Produced event to topic telemetry-events: key = No Key value = ["evt-00333", "TRK-007", "2026-10-01T08:42:53Z", 79.8]
2026-10-02 13:05:10 | INFO | Produced event to topic telemetry-events: key = No Key value = ["evt-00334", "TRK-020", "2026-10-01T08:43:07Z", 81.5]
2026-10-02 13:05:10 | INFO | Produced event to topic telemetry-events: key = No Key value = ["evt-00335", "TRK-007", "2026-10-01T08:43:18Z", 79.9]
2026-10-02 13:05:10 | INFO | Produced event to topic telemetry-events: key = No Key value = ["evt-00336", "TRK-003", "2026-10-01T08:43:27Z", 82.7]
2026-10-02 13:05:10 | INFO | Produced event to topic telemetry-events: key = No Key value = ["evt-00337", "TRK-014", "2026-10-01T08:43:38Z", 84.3]
2026-10-02 13:05:10 | INFO | Produced event to topic telemetry-events: key = No Key value = ["evt-00338", "TRK-013", "2026-10-01T08:43:41Z", 80.4]
2026-10-02 13:05:10 | INFO | Produced event to topic telemetry-events: key = No Key value = ["evt-00339", "TRK-014", "2026-10-01T08:43:45Z", 84.6]
2026-10-02 13:05:10 | INFO | Produced event to topic telemetry-events: key = No Key value = ["evt-00340", "TRK-019", "2026-10-01T08:43:57Z", 85.8]
2026-10-02 13:05:10 | INFO | Produced event to topic telemetry-events: key = No Key value = ["evt-00341", "TRK-018", "2026-10-01T08:44:00Z", 79.3]
2026-10-02 13:05:10 | INFO | Produced event to topic telemetry-events: key = No Key value = ["evt-00342", "TRK-003", "2026-10-01T08:44:13Z", 82.8]
2026-10-02 13:05:10 | INFO | Produced event to topic telemetry-events: key = No Key value = ["evt-00343", "TRK-015", "2026-10-01T08:44:14Z", 89.2]
2026-10-02 13:05:10 | INFO | Produced event to topic telemetry-events: key = No Key value = ["evt-00344", "TRK-020", "2026-10-01T08:44:19Z", 81.7]
2026-10-02 13:05:10 | INFO | Produced event to topic telemetry-events: key = No Key value = ["evt-00345", "TRK-012", "2026-10-01T08:44:33Z", 79.9]
2026-10-02 13:05:10 | INFO | Produced event to topic telemetry-events: key = No Key value = ["evt-00346", "TRK-002", "2026-10-01T08:44:37Z", 80.2]
2026-10-02 13:05:10 | INFO | Produced event to topic telemetry-events: key = No Key value = ["evt-00347", "TRK-002", "2026-10-01T08:44:41Z", 79.3]
2026-10-02 13:05:10 | INFO | Produced event to topic telemetry-events: key = No Key value = ["evt-00348", "TRK-012", "2026-10-01T08:44:44Z", 79.5]
2026-10-02 13:05:10 | INFO | Produced event to topic telemetry-events: key = No Key value = ["evt-00349", "TRK-008", "2026-10-01T08:44:49Z", 79.3]
2026-10-02 13:05:10 | INFO | Produced event to topic telemetry-events: key = No Key value = ["evt-00350", "TRK-016", "2026-10-01T08:45:03Z", 84.0]
2026-10-02 13:05:10 | INFO | Produced event to topic telemetry-events: key = No Key value = ["evt-00351", "TRK-012", "2026-10-01T08:45:17Z", 79.5]
2026-10-02 13:05:10 | INFO | Produced event to topic telemetry-events: key = No Key value = ["evt-00352", "TRK-015", "2026-10-01T08:45:31Z", 89.9]
2026-10-02 13:05:10 | INFO | Produced event to topic telemetry-events: key = No Key value = ["evt-00353", "TRK-020", "2026-10-01T08:45:33Z", 81.8]
2026-10-02 13:05:10 | INFO | Produced event to topic telemetry-events: key = No Key value = ["evt-00354", "TRK-002", "2026-10-01T08:45:36Z", 78.8]
2026-10-02 13:05:10 | INFO | Produced event to topic telemetry-events: key = No Key value = ["evt-00355", "TRK-001", "2026-10-01T08:45:44Z", 89.2]
2026-10-02 13:05:10 | INFO | Produced event to topic telemetry-events: key = No Key value = ["evt-00356", "TRK-011", "2026-10-01T08:45:54Z", 79.6]
2026-10-02 13:05:10 | INFO | Produced event to topic telemetry-events: key = No Key value = ["evt-00357", "TRK-014", "2026-10-01T08:46:04Z", 85.8]
2026-10-02 13:05:10 | INFO | Produced event to topic telemetry-events: key = No Key value = ["evt-00358", "TRK-005", "2026-10-01T08:46:08Z", 87.3]
2026-10-02 13:05:10 | INFO | Produced event to topic telemetry-events: key = No Key value = ["evt-00359", "TRK-012", "2026-10-01T08:46:09Z", 79.1]
2026-10-02 13:05:10 | INFO | Produced event to topic telemetry-events: key = No Key value = ["evt-00360", "TRK-011", "2026-10-01T08:46:14Z", 78.9]
2026-10-02 13:05:10 | INFO | Produced event to topic telemetry-events: key = No Key value = ["evt-00361", "TRK-012", "2026-10-01T08:46:19Z", 79.5]
2026-10-02 13:05:10 | INFO | Produced event to topic telemetry-events: key = No Key value = ["evt-00362", "TRK-015", "2026-10-01T08:46:25Z", 90.5]
2026-10-02 13:05:10 | INFO | Produced event to topic telemetry-events: key = No Key value = ["evt-00363", "TRK-020", "2026-10-01T08:46:27Z", 81.1]
2026-10-02 13:05:10 | INFO | Produced event to topic telemetry-events: key = No Key value = ["evt-00364", "TRK-005", "2026-10-01T08:46:28Z", 87.7]
2026-10-02 13:05:10 | INFO | Produced event to topic telemetry-events: key = No Key value = ["evt-00365", "TRK-014", "2026-10-01T08:46:40Z", 85.9]
2026-10-02 13:05:10 | INFO | Produced event to topic telemetry-events: key = No Key value = ["evt-00366", "TRK-015", "2026-10-01T08:46:51Z", 90.7]
2026-10-02 13:05:10 | INFO | Produced event to topic telemetry-events: key = No Key value = ["evt-00367", "TRK-012", "2026-10-01T08:46:57Z", 80.2]
2026-10-02 13:05:10 | INFO | Produced event to topic telemetry-events: key = No Key value = ["evt-00368", "TRK-008", "2026-10-01T08:46:59Z", 78.7]
2026-10-02 13:05:10 | INFO | Produced event to topic telemetry-events: key = No Key value = ["evt-00369", "TRK-008", "2026-10-01T08:47:12Z", 79.3]
2026-10-02 13:05:10 | INFO | Produced event to topic telemetry-events: key = No Key value = ["evt-00370", "TRK-002", "2026-10-01T08:47:13Z", 78.7]
2026-10-02 13:05:10 | INFO | Produced event to topic telemetry-events: key = No Key value = ["evt-00371", "TRK-011", "2026-10-01T08:47:23Z", 79.0]
2026-10-02 13:05:10 | INFO | Produced event to topic telemetry-events: key = No Key value = ["evt-00372", "TRK-008", "2026-10-01T08:47:32Z", 79.4]
2026-10-02 13:05:10 | INFO | Produced event to topic telemetry-events: key = No Key value = ["evt-00373", "TRK-001", "2026-10-01T08:47:33Z", 89.6]
2026-10-02 13:05:10 | INFO | Produced event to topic telemetry-events: key = No Key value = ["evt-00374", "TRK-005", "2026-10-01T08:47:42Z", 87.0]
2026-10-02 13:05:10 | INFO | Produced event to topic telemetry-events: key = No Key value = ["evt-00375", "TRK-002", "2026-10-01T08:47:44Z", 78.0]
2026-10-02 13:05:10 | INFO | Produced event to topic telemetry-events: key = No Key value = ["evt-00376", "TRK-016", "2026-10-01T08:47:57Z", 84.6]
2026-10-02 13:05:10 | INFO | Produced event to topic telemetry-events: key = No Key value = ["evt-00377", "TRK-013", "2026-10-01T08:48:06Z", 80.5]
2026-10-02 13:05:10 | INFO | Produced event to topic telemetry-events: key = No Key value = ["evt-00378", "TRK-004", "2026-10-01T08:48:12Z", 84.9]
2026-10-02 13:05:10 | INFO | Produced event to topic telemetry-events: key = No Key value = ["evt-00379", "TRK-002", "2026-10-01T08:48:14Z", 78.0]
2026-10-02 13:05:10 | INFO | Produced event to topic telemetry-events: key = No Key value = ["evt-00380", "TRK-001", "2026-10-01T08:48:22Z", 90.1]
2026-10-02 13:05:10 | INFO | Produced event to topic telemetry-events: key = No Key value = ["evt-00381", "TRK-007", "2026-10-01T08:48:31Z", 80.5]
2026-10-02 13:05:10 | INFO | Produced event to topic telemetry-events: key = No Key value = ["evt-00382", "TRK-015", "2026-10-01T08:48:36Z", 89.8]
2026-10-02 13:05:10 | INFO | Produced event to topic telemetry-events: key = No Key value = ["evt-00384", "TRK-011", "2026-10-01T08:48:40Z", 80.0]
2026-10-02 13:05:10 | INFO | Produced event to topic telemetry-events: key = No Key value = ["evt-00385", "TRK-014", "2026-10-01T08:48:50Z", 85.9]
2026-10-02 13:05:10 | INFO | Produced event to topic telemetry-events: key = No Key value = ["evt-00386", "TRK-008", "2026-10-01T08:48:52Z", 80.4]
2026-10-02 13:05:10 | INFO | Produced event to topic telemetry-events: key = No Key value = ["evt-00387", "TRK-012", "2026-10-01T08:48:57Z", 81.0]
2026-10-02 13:05:10 | INFO | Produced event to topic telemetry-events: key = No Key value = ["evt-00388", "TRK-015", "2026-10-01T08:49:08Z", 88.8]
2026-10-02 13:05:10 | INFO | Produced event to topic telemetry-events: key = No Key value = ["evt-00389", "TRK-006", "2026-10-01T08:49:22Z", 84.8]
2026-10-02 13:05:10 | INFO | Produced event to topic telemetry-events: key = No Key value = ["evt-00390", "TRK-015", "2026-10-01T08:49:26Z", 89.0]
2026-10-02 13:05:10 | INFO | Produced event to topic telemetry-events: key = No Key value = ["evt-00391", "TRK-019", "2026-10-01T08:49:28Z", 86.0]
2026-10-02 13:05:10 | INFO | Produced event to topic telemetry-events: key = No Key value = ["evt-00392", "TRK-014", "2026-10-01T08:49:39Z", 85.2]
2026-10-02 13:05:10 | INFO | Produced event to topic telemetry-events: key = No Key value = ["evt-00393", "TRK-003", "2026-10-01T08:49:47Z", 83.4]
2026-10-02 13:05:10 | INFO | Produced event to topic telemetry-events: key = No Key value = ["evt-00394", "TRK-017", "2026-10-01T08:50:00Z", 78.8]
2026-10-02 13:05:10 | INFO | Produced event to topic telemetry-events: key = No Key value = ["evt-00395", "TRK-011", "2026-10-01T08:50:07Z", 79.5]
2026-10-02 13:05:10 | INFO | Produced event to topic telemetry-events: key = No Key value = ["evt-00396", "TRK-007", "2026-10-01T08:50:15Z", 80.9]
2026-10-02 13:05:10 | INFO | Produced event to topic telemetry-events: key = No Key value = ["evt-00397", "TRK-010", "2026-10-01T08:50:23Z", 82.9]
2026-10-02 13:05:10 | INFO | Produced event to topic telemetry-events: key = No Key value = ["evt-00398", "TRK-001", "2026-10-01T08:50:35Z", 89.1]
2026-10-02 13:05:10 | INFO | Produced event to topic telemetry-events: key = No Key value = ["evt-00399", "TRK-010", "2026-10-01T08:50:46Z", 84.4]
2026-10-02 13:05:10 | INFO | Produced event to topic telemetry-events: key = No Key value = ["evt-00400", "TRK-015", "2026-10-01T08:50:56Z", 89.2]
2026-10-02 13:05:10 | INFO | Produced event to topic telemetry-events: key = No Key value = ["evt-00401", "TRK-010", "2026-10-01T08:51:04Z", 84.6]
2026-10-02 13:05:10 | INFO | Produced event to topic telemetry-events: key = No Key value = ["evt-00402", "TRK-004", "2026-10-01T08:51:06Z", 85.8]
2026-10-02 13:05:10 | INFO | Produced event to topic telemetry-events: key = No Key value = ["evt-00403", "TRK-004", "2026-10-01T08:51:18Z", 86.5]
2026-10-02 13:05:10 | INFO | Produced event to topic telemetry-events: key = No Key value = ["evt-00404", "TRK-010", "2026-10-01T08:51:19Z", 84.9]
2026-10-02 13:05:10 | INFO | Produced event to topic telemetry-events: key = No Key value = ["evt-00405", "TRK-005", "2026-10-01T08:51:20Z", 87.3]
2026-10-02 13:05:10 | INFO | Produced event to topic telemetry-events: key = No Key value = ["evt-00407", "TRK-015", "2026-10-01T08:51:29Z", 89.8]
2026-10-02 13:05:10 | INFO | Produced event to topic telemetry-events: key = No Key value = ["evt-00408", "TRK-014", "2026-10-01T08:51:42Z", 86.6]
2026-10-02 13:05:10 | INFO | Produced event to topic telemetry-events: key = No Key value = ["evt-00409", "TRK-002", "2026-10-01T08:51:45Z", 79.0]
2026-10-02 13:05:10 | INFO | Produced event to topic telemetry-events: key = No Key value = ["evt-00410", "TRK-007", "2026-10-01T08:51:54Z", 81.4]
2026-10-02 13:05:10 | INFO | Produced event to topic telemetry-events: key = No Key value = ["evt-00411", "TRK-007", "2026-10-01T08:52:02Z", 81.8]
2026-10-02 13:05:10 | INFO | Produced event to topic telemetry-events: key = No Key value = ["evt-00412", "TRK-014", "2026-10-01T08:52:06Z", 87.5]
2026-10-02 13:05:10 | INFO | Produced event to topic telemetry-events: key = No Key value = ["evt-00413", "TRK-001", "2026-10-01T08:52:10Z", 88.8]
2026-10-02 13:05:10 | INFO | Produced event to topic telemetry-events: key = No Key value = ["evt-00414", "TRK-009", "2026-10-01T08:52:17Z", 83.0]
2026-10-02 13:05:10 | INFO | Produced event to topic telemetry-events: key = No Key value = ["evt-00415", "TRK-017", "2026-10-01T08:52:29Z", 79.2]
2026-10-02 13:05:10 | INFO | Produced event to topic telemetry-events: key = No Key value = ["evt-00416", "TRK-018", "2026-10-01T08:52:32Z", 78.4]
2026-10-02 13:05:10 | INFO | Produced event to topic telemetry-events: key = No Key value = ["evt-00417", "TRK-003", "2026-10-01T08:52:38Z", 83.8]
2026-10-02 13:05:10 | INFO | Produced event to topic telemetry-events: key = No Key value = ["evt-00418", "TRK-020", "2026-10-01T08:52:46Z", 82.3]
2026-10-02 13:05:10 | INFO | Produced event to topic telemetry-events: key = No Key value = ["evt-00419", "TRK-004", "2026-10-01T08:52:51Z", 86.8]
2026-10-02 13:05:10 | INFO | Produced event to topic telemetry-events: key = No Key value = ["evt-00420", "TRK-016", "2026-10-01T08:53:01Z", 84.0]
2026-10-02 13:05:10 | INFO | Produced event to topic telemetry-events: key = No Key value = ["evt-00421", "TRK-016", "2026-10-01T08:53:13Z", 84.8]
2026-10-02 13:05:10 | INFO | Produced event to topic telemetry-events: key = No Key value = ["evt-00422", "TRK-016", "2026-10-01T08:53:27Z", 84.1]
2026-10-02 13:05:10 | INFO | Produced event to topic telemetry-events: key = No Key value = ["evt-00423", "TRK-019", "2026-10-01T08:53:35Z", 85.6]
2026-10-02 13:05:10 | INFO | Produced event to topic telemetry-events: key = No Key value = ["evt-00424", "TRK-020", "2026-10-01T08:53:41Z", 82.7]
2026-10-02 13:05:10 | INFO | Produced event to topic telemetry-events: key = No Key value = ["evt-00425", "TRK-008", "2026-10-01T08:53:48Z", 80.6]
2026-10-02 13:05:10 | INFO | Produced event to topic telemetry-events: key = No Key value = ["evt-00426", "TRK-020", "2026-10-01T08:53:50Z", 83.3]
2026-10-02 13:05:10 | INFO | Produced event to topic telemetry-events: key = No Key value = ["evt-00427", "TRK-004", "2026-10-01T08:53:51Z", 86.4]
2026-10-02 13:05:10 | INFO | Produced event to topic telemetry-events: key = No Key value = ["evt-00428", "TRK-002", "2026-10-01T08:54:02Z", 78.3]
2026-10-02 13:05:10 | INFO | Produced event to topic telemetry-events: key = No Key value = ["evt-00429", "TRK-001", "2026-10-01T08:54:13Z", 88.4]
2026-10-02 13:05:10 | INFO | Produced event to topic telemetry-events: key = No Key value = ["evt-00430", "TRK-018", "2026-10-01T08:54:20Z", 78.9]
2026-10-02 13:05:10 | INFO | Produced event to topic telemetry-events: key = No Key value = ["evt-00431", "TRK-011", "2026-10-01T08:54:26Z", 78.3]
2026-10-02 13:05:10 | INFO | Produced event to topic telemetry-events: key = No Key value = ["evt-00432", "TRK-017", "2026-10-01T08:54:36Z", 79.9]
2026-10-02 13:05:10 | INFO | Produced event to topic telemetry-events: key = No Key value = ["evt-00433", "TRK-013", "2026-10-01T08:54:39Z", 80.8]
2026-10-02 13:05:10 | INFO | Produced event to topic telemetry-events: key = No Key value = ["evt-00434", "TRK-003", "2026-10-01T08:54:46Z", 85.0]
2026-10-02 13:05:10 | INFO | Produced event to topic telemetry-events: key = No Key value = ["evt-00435", "TRK-009", "2026-10-01T08:54:51Z", 83.5]
2026-10-02 13:05:10 | INFO | Produced event to topic telemetry-events: key = No Key value = ["evt-00436", "TRK-001", "2026-10-01T08:54:55Z", 88.5]
2026-10-02 13:05:10 | INFO | Produced event to topic telemetry-events: key = No Key value = ["evt-00437", "TRK-001", "2026-10-01T08:55:09Z", 88.7]
2026-10-02 13:05:10 | INFO | Produced event to topic telemetry-events: key = No Key value = ["evt-00438", "TRK-013", "2026-10-01T08:55:14Z", 80.7]
2026-10-02 13:05:10 | INFO | Produced event to topic telemetry-events: key = No Key value = ["evt-00439", "TRK-002", "2026-10-01T08:55:18Z", 78.6]
2026-10-02 13:05:10 | INFO | Produced event to topic telemetry-events: key = No Key value = ["evt-00440", "TRK-013", "2026-10-01T08:55:32Z", 80.7]
2026-10-02 13:05:10 | INFO | Produced event to topic telemetry-events: key = No Key value = ["evt-00441", "TRK-006", "2026-10-01T08:55:45Z", 84.8]
2026-10-02 13:05:10 | INFO | Produced event to topic telemetry-events: key = No Key value = ["evt-00442", "TRK-019", "2026-10-01T08:55:50Z", 85.4]
2026-10-02 13:05:10 | INFO | Produced event to topic telemetry-events: key = No Key value = ["evt-00443", "TRK-010", "2026-10-01T08:55:59Z", 85.0]
2026-10-02 13:05:10 | INFO | Produced event to topic telemetry-events: key = No Key value = ["evt-00444", "TRK-019", "2026-10-01T08:56:08Z", 85.2]
2026-10-02 13:05:10 | INFO | Produced event to topic telemetry-events: key = No Key value = ["evt-00445", "TRK-009", "2026-10-01T08:56:20Z", 83.1]
2026-10-02 13:05:10 | INFO | Produced event to topic telemetry-events: key = No Key value = ["evt-00446", "TRK-001", "2026-10-01T08:56:24Z", 88.5]
2026-10-02 13:05:10 | INFO | Produced event to topic telemetry-events: key = No Key value = ["evt-00447", "TRK-008", "2026-10-01T08:56:25Z", 80.2]
2026-10-02 13:05:10 | INFO | Produced event to topic telemetry-events: key = No Key value = ["evt-00448", "TRK-004", "2026-10-01T08:56:37Z", 86.0]
2026-10-02 13:05:10 | INFO | Produced event to topic telemetry-events: key = No Key value = ["evt-00449", "TRK-018", "2026-10-01T08:56:42Z", 78.8]
2026-10-02 13:05:10 | INFO | Produced event to topic telemetry-events: key = No Key value = ["evt-00450", "TRK-007", "2026-10-01T08:56:53Z", 82.4]
2026-10-02 13:05:10 | INFO | Produced event to topic telemetry-events: key = No Key value = ["evt-00452", "TRK-002", "2026-10-01T08:57:14Z", 79.1]
2026-10-02 13:05:10 | INFO | Produced event to topic telemetry-events: key = No Key value = ["evt-00453", "TRK-006", "2026-10-01T08:57:19Z", 84.5]
2026-10-02 13:05:10 | INFO | Produced event to topic telemetry-events: key = No Key value = ["evt-00455", "TRK-018", "2026-10-01T08:57:45Z", 78.8]
2026-10-02 13:05:10 | INFO | Produced event to topic telemetry-events: key = No Key value = ["evt-00456", "TRK-011", "2026-10-01T08:57:50Z", 78.6]
2026-10-02 13:05:10 | INFO | Produced event to topic telemetry-events: key = No Key value = ["evt-00457", "TRK-004", "2026-10-01T08:57:52Z", 86.7]
2026-10-02 13:05:10 | INFO | Produced event to topic telemetry-events: key = No Key value = ["evt-00458", "TRK-009", "2026-10-01T08:58:05Z", 82.6]
2026-10-02 13:05:10 | INFO | Produced event to topic telemetry-events: key = No Key value = ["evt-00459", "TRK-006", "2026-10-01T08:58:15Z", 84.7]
2026-10-02 13:05:10 | INFO | Produced event to topic telemetry-events: key = No Key value = ["evt-00460", "TRK-017", "2026-10-01T08:58:23Z", 80.0]
2026-10-02 13:05:10 | INFO | Produced event to topic telemetry-events: key = No Key value = ["evt-00461", "TRK-001", "2026-10-01T08:58:25Z", 87.8]
2026-10-02 13:05:10 | INFO | Produced event to topic telemetry-events: key = No Key value = ["evt-00462", "TRK-008", "2026-10-01T08:58:30Z", 79.9]
2026-10-02 13:05:10 | INFO | Produced event to topic telemetry-events: key = No Key value = ["evt-00463", "TRK-002", "2026-10-01T08:58:38Z", 79.2]
2026-10-02 13:05:10 | INFO | Produced event to topic telemetry-events: key = No Key value = ["evt-00464", "TRK-013", "2026-10-01T08:58:41Z", 81.2]
2026-10-02 13:05:10 | INFO | Produced event to topic telemetry-events: key = No Key value = ["evt-00466", "TRK-001", "2026-10-01T08:58:55Z", 87.7]
2026-10-02 13:05:10 | INFO | Produced event to topic telemetry-events: key = No Key value = ["evt-00467", "TRK-003", "2026-10-01T08:59:03Z", 85.0]
2026-10-02 13:05:10 | INFO | Produced event to topic telemetry-events: key = No Key value = ["evt-00468", "TRK-014", "2026-10-01T08:59:07Z", 87.7]
2026-10-02 13:05:10 | INFO | Produced event to topic telemetry-events: key = No Key value = ["evt-00469", "TRK-015", "2026-10-01T08:59:10Z", 89.2]
2026-10-02 13:05:10 | INFO | Produced event to topic telemetry-events: key = No Key value = ["evt-00470", "TRK-005", "2026-10-01T08:59:15Z", 87.7]
2026-10-02 13:05:10 | INFO | Produced event to topic telemetry-events: key = No Key value = ["evt-00471", "TRK-008", "2026-10-01T08:59:25Z", 80.3]
2026-10-02 13:05:10 | INFO | Produced event to topic telemetry-events: key = No Key value = ["evt-00472", "TRK-018", "2026-10-01T08:59:28Z", 79.6]
2026-10-02 13:05:10 | INFO | Produced event to topic telemetry-events: key = No Key value = ["evt-00473", "TRK-004", "2026-10-01T08:59:42Z", 87.2]
2026-10-02 13:05:10 | INFO | Produced event to topic telemetry-events: key = No Key value = ["evt-00474", "TRK-004", "2026-10-01T08:59:54Z", 87.2]
2026-10-02 13:05:10 | INFO | Produced event to topic telemetry-events: key = No Key value = ["evt-00475", "TRK-002", "2026-10-01T09:00:00Z", 79.7]
2026-10-02 13:05:10 | INFO | Produced event to topic telemetry-events: key = No Key value = ["evt-00476", "TRK-002", "2026-10-01T09:00:11Z", 79.7]
2026-10-02 13:05:10 | INFO | Produced event to topic telemetry-events: key = No Key value = ["evt-00477", "TRK-017", "2026-10-01T09:00:19Z", 79.5]
2026-10-02 13:05:10 | INFO | Produced event to topic telemetry-events: key = No Key value = ["evt-00478", "TRK-014", "2026-10-01T09:00:31Z", 87.9]
2026-10-02 13:05:10 | INFO | Produced event to topic telemetry-events: key = No Key value = ["evt-00479", "TRK-018", "2026-10-01T09:00:37Z", 79.8]
2026-10-02 13:05:10 | INFO | Produced event to topic telemetry-events: key = No Key value = ["evt-00481", "TRK-003", "2026-10-01T09:01:01Z", 85.2]
2026-10-02 13:05:10 | INFO | Produced event to topic telemetry-events: key = No Key value = ["evt-00482", "TRK-009", "2026-10-01T09:01:03Z", 82.7]
2026-10-02 13:05:10 | INFO | Produced event to topic telemetry-events: key = No Key value = ["evt-00483", "TRK-008", "2026-10-01T09:01:17Z", 80.8]
2026-10-02 13:05:10 | INFO | Produced event to topic telemetry-events: key = No Key value = ["evt-00484", "TRK-011", "2026-10-01T09:01:23Z", 79.0]
2026-10-02 13:05:10 | INFO | Produced event to topic telemetry-events: key = No Key value = ["evt-00485", "TRK-013", "2026-10-01T09:01:25Z", 81.4]
2026-10-02 13:05:10 | INFO | Produced event to topic telemetry-events: key = No Key value = ["evt-00486", "TRK-018", "2026-10-01T09:01:28Z", 79.3]
2026-10-02 13:05:10 | INFO | Produced event to topic telemetry-events: key = No Key value = ["evt-00487", "TRK-012", "2026-10-01T09:01:41Z", 81.6]
2026-10-02 13:05:10 | INFO | Produced event to topic telemetry-events: key = No Key value = ["evt-00488", "TRK-003", "2026-10-01T09:01:47Z", 84.9]
2026-10-02 13:05:10 | INFO | Produced event to topic telemetry-events: key = No Key value = ["evt-00489", "TRK-007", "2026-10-01T09:01:59Z", 83.1]
2026-10-02 13:05:10 | INFO | Produced event to topic telemetry-events: key = No Key value = ["evt-00491", "TRK-001", "2026-10-01T09:02:21Z", 87.6]
2026-10-02 13:05:10 | INFO | Produced event to topic telemetry-events: key = No Key value = ["evt-00492", "TRK-011", "2026-10-01T09:02:30Z", 78.5]
2026-10-02 13:05:10 | INFO | Produced event to topic telemetry-events: key = No Key value = ["evt-00493", "TRK-014", "2026-10-01T09:02:37Z", 88.8]
2026-10-02 13:05:10 | INFO | Produced event to topic telemetry-events: key = No Key value = ["evt-00494", "TRK-009", "2026-10-01T09:02:41Z", 83.3]
2026-10-02 13:05:10 | INFO | Produced event to topic telemetry-events: key = No Key value = ["evt-00496", "TRK-002", "2026-10-01T09:02:56Z", 79.9]
2026-10-02 13:05:10 | INFO | Produced event to topic telemetry-events: key = No Key value = ["evt-00497", "TRK-011", "2026-10-01T09:02:59Z", 78.5]
2026-10-02 13:05:10 | INFO | Produced event to topic telemetry-events: key = No Key value = ["evt-00498", "TRK-004", "2026-10-01T09:03:12Z", 87.9]
2026-10-02 13:05:10 | INFO | Produced event to topic telemetry-events: key = No Key value = ["evt-00499", "TRK-010", "2026-10-01T09:03:20Z", 85.3]
2026-10-02 13:05:10 | INFO | Produced event to topic telemetry-events: key = No Key value = ["evt-00501", "TRK-006", "2026-10-01T09:03:41Z", 85.4]
2026-10-02 13:05:10 | INFO | Produced event to topic telemetry-events: key = No Key value = ["evt-00502", "TRK-007", "2026-10-01T09:03:45Z", 82.8]
2026-10-02 13:05:10 | INFO | Produced event to topic telemetry-events: key = No Key value = ["evt-00503", "TRK-003", "2026-10-01T09:03:53Z", 84.7]
2026-10-02 13:05:10 | INFO | Produced event to topic telemetry-events: key = No Key value = ["evt-00504", "TRK-002", "2026-10-01T09:04:07Z", 79.7]
2026-10-02 13:05:10 | INFO | Produced event to topic telemetry-events: key = No Key value = ["evt-00505", "TRK-019", "2026-10-01T09:04:08Z", 84.5]
2026-10-02 13:05:10 | INFO | Produced event to topic telemetry-events: key = No Key value = ["evt-00506", "TRK-012", "2026-10-01T09:04:22Z", 81.8]
2026-10-02 13:05:10 | INFO | Produced event to topic telemetry-events: key = No Key value = ["evt-00507", "TRK-004", "2026-10-01T09:04:25Z", 87.3]
2026-10-02 13:05:10 | INFO | Produced event to topic telemetry-events: key = No Key value = ["evt-00508", "TRK-001", "2026-10-01T09:04:27Z", 87.5]
2026-10-02 13:05:10 | INFO | Produced event to topic telemetry-events: key = No Key value = ["evt-00509", "TRK-017", "2026-10-01T09:04:38Z", 79.9]
2026-10-02 13:05:10 | INFO | Produced event to topic telemetry-events: key = No Key value = ["evt-00510", "TRK-013", "2026-10-01T09:04:39Z", 81.8]
2026-10-02 13:05:10 | INFO | Produced event to topic telemetry-events: key = No Key value = ["evt-00511", "TRK-004", "2026-10-01T09:04:43Z", 87.0]
2026-10-02 13:05:10 | INFO | Produced event to topic telemetry-events: key = No Key value = ["evt-00512", "TRK-014", "2026-10-01T09:04:55Z", 88.9]
2026-10-02 13:05:10 | INFO | Produced event to topic telemetry-events: key = No Key value = ["evt-00513", "TRK-009", "2026-10-01T09:05:05Z", 82.6]
2026-10-02 13:05:10 | INFO | Produced event to topic telemetry-events: key = No Key value = ["evt-00515", "TRK-017", "2026-10-01T09:05:22Z", 79.6]
2026-10-02 13:05:10 | INFO | Produced event to topic telemetry-events: key = No Key value = ["evt-00516", "TRK-013", "2026-10-01T09:05:25Z", 82.3]
2026-10-02 13:05:10 | INFO | Produced event to topic telemetry-events: key = No Key value = ["evt-00517", "TRK-010", "2026-10-01T09:05:28Z", 85.9]
2026-10-02 13:05:10 | INFO | Produced event to topic telemetry-events: key = No Key value = ["evt-00518", "TRK-005", "2026-10-01T09:05:32Z", 87.6]
2026-10-02 13:05:10 | INFO | Produced event to topic telemetry-events: key = No Key value = ["evt-00519", "TRK-010", "2026-10-01T09:05:37Z", 86.5]
2026-10-02 13:05:10 | INFO | Produced event to topic telemetry-events: key = No Key value = ["evt-00520", "TRK-007", "2026-10-01T09:05:39Z", 83.6]
2026-10-02 13:05:10 | INFO | Produced event to topic telemetry-events: key = No Key value = ["evt-00521", "TRK-004", "2026-10-01T09:05:45Z", 86.9]
2026-10-02 13:05:10 | INFO | Produced event to topic telemetry-events: key = No Key value = ["evt-00522", "TRK-004", "2026-10-01T09:05:50Z", 86.3]
2026-10-02 13:05:10 | INFO | Produced event to topic telemetry-events: key = No Key value = ["evt-00523", "TRK-012", "2026-10-01T09:06:00Z", 81.2]
2026-10-02 13:05:10 | INFO | Produced event to topic telemetry-events: key = No Key value = ["evt-00524", "TRK-014", "2026-10-01T09:06:08Z", 88.4]
2026-10-02 13:05:10 | INFO | Produced event to topic telemetry-events: key = No Key value = ["evt-00525", "TRK-016", "2026-10-01T09:06:14Z", 84.8]
2026-10-02 13:05:10 | INFO | Produced event to topic telemetry-events: key = No Key value = ["evt-00526", "TRK-009", "2026-10-01T09:06:27Z", 82.4]
2026-10-02 13:05:10 | INFO | Produced event to topic telemetry-events: key = No Key value = ["evt-00527", "TRK-011", "2026-10-01T09:06:31Z", 79.1]
2026-10-02 13:05:10 | INFO | Produced event to topic telemetry-events: key = No Key value = ["evt-00528", "TRK-018", "2026-10-01T09:06:32Z", 80.8]
2026-10-02 13:05:10 | INFO | Produced event to topic telemetry-events: key = No Key value = ["evt-00529", "TRK-006", "2026-10-01T09:06:34Z", 85.6]
2026-10-02 13:05:10 | INFO | Produced event to topic telemetry-events: key = No Key value = ["evt-00530", "TRK-016", "2026-10-01T09:06:41Z", 85.8]
2026-10-02 13:05:10 | INFO | Produced event to topic telemetry-events: key = No Key value = ["evt-00531", "TRK-012", "2026-10-01T09:06:49Z", 81.7]
2026-10-02 13:05:10 | INFO | Produced event to topic telemetry-events: key = No Key value = ["evt-00532", "TRK-018", "2026-10-01T09:06:54Z", 80.2]
2026-10-02 13:05:10 | INFO | Produced event to topic telemetry-events: key = No Key value = ["evt-00533", "TRK-005", "2026-10-01T09:07:02Z", 86.8]
2026-10-02 13:05:10 | INFO | Produced event to topic telemetry-events: key = No Key value = ["evt-00534", "TRK-012", "2026-10-01T09:07:11Z", 81.1]
2026-10-02 13:05:10 | INFO | Produced event to topic telemetry-events: key = No Key value = ["evt-00535", "TRK-001", "2026-10-01T09:07:13Z", 87.1]
2026-10-02 13:05:10 | INFO | Produced event to topic telemetry-events: key = No Key value = ["evt-00536", "TRK-001", "2026-10-01T09:07:14Z", 88.1]
2026-10-02 13:05:10 | INFO | Produced event to topic telemetry-events: key = No Key value = ["evt-00537", "TRK-002", "2026-10-01T09:07:26Z", 79.5]
2026-10-02 13:05:10 | INFO | Produced event to topic telemetry-events: key = No Key value = ["evt-00538", "TRK-017", "2026-10-01T09:07:28Z", 79.7]
2026-10-02 13:05:10 | INFO | Produced event to topic telemetry-events: key = No Key value = ["evt-00539", "TRK-006", "2026-10-01T09:07:30Z", 84.8]
2026-10-02 13:05:10 | INFO | Produced event to topic telemetry-events: key = No Key value = ["evt-00540", "TRK-016", "2026-10-01T09:07:39Z", 85.8]
2026-10-02 13:05:10 | INFO | Produced event to topic telemetry-events: key = No Key value = ["evt-00541", "TRK-002", "2026-10-01T09:07:42Z", 79.9]
2026-10-02 13:05:10 | INFO | Produced event to topic telemetry-events: key = No Key value = ["evt-00542", "TRK-008", "2026-10-01T09:07:48Z", 81.8]
2026-10-02 13:05:10 | INFO | Produced event to topic telemetry-events: key = No Key value = ["evt-00543", "TRK-010", "2026-10-01T09:07:51Z", 86.1]
2026-10-02 13:05:10 | INFO | Produced event to topic telemetry-events: key = No Key value = ["evt-00544", "TRK-004", "2026-10-01T09:08:05Z", 85.8]
2026-10-02 13:05:10 | INFO | Produced event to topic telemetry-events: key = No Key value = ["evt-00545", "TRK-015", "2026-10-01T09:08:13Z", 89.4]
2026-10-02 13:05:10 | INFO | Produced event to topic telemetry-events: key = No Key value = ["evt-00546", "TRK-014", "2026-10-01T09:08:24Z", 87.9]
2026-10-02 13:05:10 | INFO | Produced event to topic telemetry-events: key = No Key value = ["evt-00547", "TRK-008", "2026-10-01T09:08:34Z", 82.0]
2026-10-02 13:05:10 | INFO | Produced event to topic telemetry-events: key = No Key value = ["evt-00548", "TRK-003", "2026-10-01T09:08:42Z", 85.7]
2026-10-02 13:05:10 | INFO | Produced event to topic telemetry-events: key = No Key value = ["evt-00549", "TRK-010", "2026-10-01T09:08:46Z", 85.8]
2026-10-02 13:05:10 | INFO | Produced event to topic telemetry-events: key = No Key value = ["evt-00550", "TRK-018", "2026-10-01T09:08:57Z", 80.9]
2026-10-02 13:05:10 | INFO | Produced event to topic telemetry-events: key = No Key value = ["evt-00551", "TRK-019", "2026-10-01T09:09:08Z", 84.6]
2026-10-02 13:05:10 | INFO | Produced event to topic telemetry-events: key = No Key value = ["evt-00552", "TRK-009", "2026-10-01T09:09:12Z", 81.6]
2026-10-02 13:05:10 | INFO | Produced event to topic telemetry-events: key = No Key value = ["evt-00553", "TRK-008", "2026-10-01T09:09:19Z", 81.4]
2026-10-02 13:05:10 | INFO | Produced event to topic telemetry-events: key = No Key value = ["evt-00554", "TRK-018", "2026-10-01T09:09:29Z", 81.3]
2026-10-02 13:05:10 | INFO | Produced event to topic telemetry-events: key = No Key value = ["evt-00555", "TRK-006", "2026-10-01T09:09:41Z", 85.1]
2026-10-02 13:05:10 | INFO | Produced event to topic telemetry-events: key = No Key value = ["evt-00556", "TRK-018", "2026-10-01T09:09:52Z", 80.6]
2026-10-02 13:05:10 | INFO | Produced event to topic telemetry-events: key = No Key value = ["evt-00557", "TRK-001", "2026-10-01T09:10:04Z", 87.8]
2026-10-02 13:05:10 | INFO | Produced event to topic telemetry-events: key = No Key value = ["evt-00558", "TRK-016", "2026-10-01T09:10:15Z", 85.5]
2026-10-02 13:05:10 | INFO | Produced event to topic telemetry-events: key = No Key value = ["evt-00559", "TRK-006", "2026-10-01T09:10:29Z", 85.1]
2026-10-02 13:05:10 | INFO | Produced event to topic telemetry-events: key = No Key value = ["evt-00560", "TRK-013", "2026-10-01T09:10:36Z", 83.1]
2026-10-02 13:05:10 | INFO | Produced event to topic telemetry-events: key = No Key value = ["evt-00563", "TRK-020", "2026-10-01T09:10:41Z", 83.0]
2026-10-02 13:05:10 | INFO | Produced event to topic telemetry-events: key = No Key value = ["evt-00564", "TRK-009", "2026-10-01T09:10:45Z", 80.8]
2026-10-02 13:05:10 | INFO | Produced event to topic telemetry-events: key = No Key value = ["evt-00565", "TRK-006", "2026-10-01T09:10:48Z", 85.3]
2026-10-02 13:05:10 | INFO | Produced event to topic telemetry-events: key = No Key value = ["evt-00566", "TRK-002", "2026-10-01T09:10:54Z", 80.3]
2026-10-02 13:05:10 | INFO | Produced event to topic telemetry-events: key = No Key value = ["evt-00567", "TRK-016", "2026-10-01T09:10:59Z", 85.1]
2026-10-02 13:05:10 | INFO | Produced event to topic telemetry-events: key = No Key value = ["evt-00568", "TRK-019", "2026-10-01T09:11:01Z", 85.6]
2026-10-02 13:05:10 | INFO | Produced event to topic telemetry-events: key = No Key value = ["evt-00569", "TRK-016", "2026-10-01T09:11:07Z", 85.6]
2026-10-02 13:05:10 | INFO | Produced event to topic telemetry-events: key = No Key value = ["evt-00570", "TRK-003", "2026-10-01T09:11:08Z", 85.9]
2026-10-02 13:05:10 | INFO | Produced event to topic telemetry-events: key = No Key value = ["evt-00571", "TRK-016", "2026-10-01T09:11:10Z", 86.3]
2026-10-02 13:05:10 | INFO | Produced event to topic telemetry-events: key = No Key value = ["evt-00572", "TRK-007", "2026-10-01T09:11:16Z", 83.0]
2026-10-02 13:05:10 | INFO | Produced event to topic telemetry-events: key = No Key value = ["evt-00573", "TRK-001", "2026-10-01T09:11:24Z", 88.3]
2026-10-02 13:05:10 | INFO | Produced event to topic telemetry-events: key = No Key value = ["evt-00575", "TRK-014", "2026-10-01T09:11:33Z", 88.3]
2026-10-02 13:05:10 | INFO | Produced event to topic telemetry-events: key = No Key value = ["evt-00576", "TRK-018", "2026-10-01T09:11:36Z", 81.0]
2026-10-02 13:05:10 | INFO | Produced event to topic telemetry-events: key = No Key value = ["evt-00577", "TRK-002", "2026-10-01T09:11:44Z", 79.6]
2026-10-02 13:05:10 | INFO | Produced event to topic telemetry-events: key = No Key value = ["evt-00578", "TRK-003", "2026-10-01T09:11:47Z", 85.6]
2026-10-02 13:05:10 | INFO | Produced event to topic telemetry-events: key = No Key value = ["evt-00579", "TRK-014", "2026-10-01T09:11:58Z", 88.0]
2026-10-02 13:05:10 | INFO | Produced event to topic telemetry-events: key = No Key value = ["evt-00580", "TRK-006", "2026-10-01T09:12:05Z", 85.2]
2026-10-02 13:05:10 | INFO | Produced event to topic telemetry-events: key = No Key value = ["evt-00581", "TRK-019", "2026-10-01T09:12:19Z", 85.7]
2026-10-02 13:05:10 | INFO | Produced event to topic telemetry-events: key = No Key value = ["evt-00582", "TRK-020", "2026-10-01T09:12:32Z", 83.2]
2026-10-02 13:05:10 | INFO | Produced event to topic telemetry-events: key = No Key value = ["evt-00583", "TRK-009", "2026-10-01T09:12:43Z", 81.1]
2026-10-02 13:05:10 | INFO | Produced event to topic telemetry-events: key = No Key value = ["evt-00584", "TRK-020", "2026-10-01T09:12:57Z", 84.5]
2026-10-02 13:05:10 | INFO | Produced event to topic telemetry-events: key = No Key value = ["evt-00585", "TRK-004", "2026-10-01T09:13:05Z", 84.8]
2026-10-02 13:05:10 | INFO | Produced event to topic telemetry-events: key = No Key value = ["evt-00586", "TRK-003", "2026-10-01T09:13:14Z", 85.9]
2026-10-02 13:05:10 | INFO | Produced event to topic telemetry-events: key = No Key value = ["evt-00587", "TRK-009", "2026-10-01T09:13:18Z", 80.9]
2026-10-02 13:05:10 | INFO | Produced event to topic telemetry-events: key = No Key value = ["evt-00588", "TRK-016", "2026-10-01T09:13:31Z", 86.8]
2026-10-02 13:05:10 | INFO | Produced event to topic telemetry-events: key = No Key value = ["evt-00589", "TRK-016", "2026-10-01T09:13:45Z", 85.8]
2026-10-02 13:05:10 | INFO | Produced event to topic telemetry-events: key = No Key value = ["evt-00590", "TRK-005", "2026-10-01T09:13:49Z", 86.5]
2026-10-02 13:05:10 | INFO | Produced event to topic telemetry-events: key = No Key value = ["evt-00592", "TRK-002", "2026-10-01T09:13:58Z", 80.6]
2026-10-02 13:05:10 | INFO | Produced event to topic telemetry-events: key = No Key value = ["evt-00593", "TRK-008", "2026-10-01T09:14:11Z", 81.0]
2026-10-02 13:05:10 | INFO | Produced event to topic telemetry-events: key = No Key value = ["evt-00594", "TRK-014", "2026-10-01T09:14:20Z", 88.2]
2026-10-02 13:05:10 | INFO | Produced event to topic telemetry-events: key = No Key value = ["evt-00595", "TRK-020", "2026-10-01T09:14:33Z", 85.4]
2026-10-02 13:05:10 | INFO | Produced event to topic telemetry-events: key = No Key value = ["evt-00596", "TRK-007", "2026-10-01T09:14:45Z", 82.8]
2026-10-02 13:05:10 | INFO | Produced event to topic telemetry-events: key = No Key value = ["evt-00597", "TRK-012", "2026-10-01T09:14:58Z", 81.1]
2026-10-02 13:05:10 | INFO | Produced event to topic telemetry-events: key = No Key value = ["evt-00598", "TRK-008", "2026-10-01T09:15:05Z", 80.0]
2026-10-02 13:05:10 | INFO | Produced event to topic telemetry-events: key = No Key value = ["evt-00599", "TRK-018", "2026-10-01T09:15:06Z", 81.1]
2026-10-02 13:05:10 | INFO | Produced event to topic telemetry-events: key = No Key value = ["evt-00600", "TRK-019", "2026-10-01T09:15:18Z", 85.4]
2026-10-02 13:05:10 | INFO | Produced event to topic telemetry-events: key = No Key value = ["evt-00601", "TRK-013", "2026-10-01T09:15:19Z", 82.1]
2026-10-02 13:05:10 | INFO | Produced event to topic telemetry-events: key = No Key value = ["evt-00602", "TRK-020", "2026-10-01T09:15:27Z", 86.8]
2026-10-02 13:05:10 | INFO | Produced event to topic telemetry-events: key = No Key value = ["evt-00603", "TRK-006", "2026-10-01T09:15:28Z", 85.8]
2026-10-02 13:05:10 | INFO | Produced event to topic telemetry-events: key = No Key value = ["evt-00604", "TRK-010", "2026-10-01T09:15:39Z", 85.5]
2026-10-02 13:05:10 | INFO | Produced event to topic telemetry-events: key = No Key value = ["evt-00605", "TRK-009", "2026-10-01T09:15:48Z", 80.6]
2026-10-02 13:05:10 | INFO | Produced event to topic telemetry-events: key = No Key value = ["evt-00606", "TRK-019", "2026-10-01T09:15:59Z", 85.9]
2026-10-02 13:05:10 | INFO | Produced event to topic telemetry-events: key = No Key value = ["evt-00607", "TRK-009", "2026-10-01T09:16:06Z", 81.7]
2026-10-02 13:05:10 | INFO | Produced event to topic telemetry-events: key = No Key value = ["evt-00608", "TRK-013", "2026-10-01T09:16:20Z", 82.0]
2026-10-02 13:05:10 | INFO | Produced event to topic telemetry-events: key = No Key value = ["evt-00609", "TRK-008", "2026-10-01T09:16:32Z", 80.3]
2026-10-02 13:05:10 | INFO | Produced event to topic telemetry-events: key = No Key value = ["evt-00610", "TRK-013", "2026-10-01T09:16:44Z", 82.3]
2026-10-02 13:05:10 | INFO | Produced event to topic telemetry-events: key = No Key value = ["evt-00612", "TRK-013", "2026-10-01T09:17:04Z", 82.5]
2026-10-02 13:05:10 | INFO | Produced event to topic telemetry-events: key = No Key value = ["evt-00613", "TRK-020", "2026-10-01T09:17:06Z", 87.3]
2026-10-02 13:05:10 | INFO | Produced event to topic telemetry-events: key = No Key value = ["evt-00614", "TRK-004", "2026-10-01T09:17:08Z", 84.1]
2026-10-02 13:05:10 | INFO | Produced event to topic telemetry-events: key = No Key value = ["evt-00615", "TRK-015", "2026-10-01T09:17:20Z", 89.7]
2026-10-02 13:05:10 | INFO | Produced event to topic telemetry-events: key = No Key value = ["evt-00616", "TRK-019", "2026-10-01T09:17:29Z", 86.0]
2026-10-02 13:05:10 | INFO | Produced event to topic telemetry-events: key = No Key value = ["evt-00618", "TRK-018", "2026-10-01T09:17:42Z", 80.0]
2026-10-02 13:05:10 | INFO | Produced event to topic telemetry-events: key = No Key value = ["evt-00619", "TRK-007", "2026-10-01T09:17:54Z", 83.1]
2026-10-02 13:05:10 | INFO | Produced event to topic telemetry-events: key = No Key value = ["evt-00620", "TRK-006", "2026-10-01T09:17:57Z", 85.2]
2026-10-02 13:05:10 | INFO | Produced event to topic telemetry-events: key = No Key value = ["evt-00621", "TRK-008", "2026-10-01T09:17:59Z", 80.3]
2026-10-02 13:05:10 | INFO | Produced event to topic telemetry-events: key = No Key value = ["evt-00622", "TRK-001", "2026-10-01T09:18:06Z", 88.6]
2026-10-02 13:05:10 | INFO | Produced event to topic telemetry-events: key = No Key value = ["evt-00623", "TRK-005", "2026-10-01T09:18:11Z", 86.1]
2026-10-02 13:05:10 | INFO | Produced event to topic telemetry-events: key = No Key value = ["evt-00626", "TRK-006", "2026-10-01T09:18:35Z", 85.5]
2026-10-02 13:05:10 | INFO | Produced event to topic telemetry-events: key = No Key value = ["evt-00627", "TRK-012", "2026-10-01T09:18:37Z", 80.5]
2026-10-02 13:05:10 | INFO | Produced event to topic telemetry-events: key = No Key value = ["evt-00628", "TRK-009", "2026-10-01T09:18:44Z", 81.1]
2026-10-02 13:05:10 | INFO | Produced event to topic telemetry-events: key = No Key value = ["evt-00629", "TRK-016", "2026-10-01T09:18:54Z", 85.6]
2026-10-02 13:05:10 | INFO | Produced event to topic telemetry-events: key = No Key value = ["evt-00630", "TRK-007", "2026-10-01T09:18:56Z", 83.0]
2026-10-02 13:05:10 | INFO | Produced event to topic telemetry-events: key = No Key value = ["evt-00633", "TRK-015", "2026-10-01T09:19:26Z", 88.7]
2026-10-02 13:05:10 | INFO | Produced event to topic telemetry-events: key = No Key value = ["evt-00634", "TRK-005", "2026-10-01T09:19:34Z", 85.1]
2026-10-02 13:05:10 | INFO | Produced event to topic telemetry-events: key = No Key value = ["evt-00635", "TRK-020", "2026-10-01T09:19:42Z", 87.3]
2026-10-02 13:05:10 | INFO | Produced event to topic telemetry-events: key = No Key value = ["evt-00636", "TRK-013", "2026-10-01T09:19:44Z", 82.7]
2026-10-02 13:05:10 | INFO | Produced event to topic telemetry-events: key = No Key value = ["evt-00637", "TRK-003", "2026-10-01T09:19:55Z", 84.8]
2026-10-02 13:05:10 | INFO | Produced event to topic telemetry-events: key = No Key value = ["evt-00638", "TRK-015", "2026-10-01T09:20:00Z", 87.8]
2026-10-02 13:05:10 | INFO | Produced event to topic telemetry-events: key = No Key value = ["evt-00639", "TRK-005", "2026-10-01T09:20:10Z", 85.5]
2026-10-02 13:05:10 | INFO | Produced event to topic telemetry-events: key = No Key value = ["evt-00640", "TRK-009", "2026-10-01T09:20:11Z", 80.9]
2026-10-02 13:05:10 | INFO | Produced event to topic telemetry-events: key = No Key value = ["evt-00641", "TRK-015", "2026-10-01T09:20:25Z", 86.9]
2026-10-02 13:05:10 | INFO | Produced event to topic telemetry-events: key = No Key value = ["evt-00642", "TRK-004", "2026-10-01T09:20:30Z", 83.2]
2026-10-02 13:05:10 | INFO | Produced event to topic telemetry-events: key = No Key value = ["evt-00643", "TRK-017", "2026-10-01T09:20:43Z", 80.6]
2026-10-02 13:05:10 | INFO | Produced event to topic telemetry-events: key = No Key value = ["evt-00644", "TRK-019", "2026-10-01T09:20:46Z", 86.1]
2026-10-02 13:05:10 | INFO | Produced event to topic telemetry-events: key = No Key value = ["evt-00645", "TRK-013", "2026-10-01T09:20:49Z", 82.7]
2026-10-02 13:05:10 | INFO | Produced event to topic telemetry-events: key = No Key value = ["evt-00646", "TRK-012", "2026-10-01T09:21:00Z", 79.7]
2026-10-02 13:05:10 | INFO | Produced event to topic telemetry-events: key = No Key value = ["evt-00647", "TRK-019", "2026-10-01T09:21:01Z", 85.5]
2026-10-02 13:05:10 | INFO | Produced event to topic telemetry-events: key = No Key value = ["evt-00648", "TRK-015", "2026-10-01T09:21:03Z", 87.1]
2026-10-02 13:05:10 | INFO | Produced event to topic telemetry-events: key = No Key value = ["evt-00649", "TRK-019", "2026-10-01T09:21:16Z", 86.2]
2026-10-02 13:05:10 | INFO | Produced event to topic telemetry-events: key = No Key value = ["evt-00650", "TRK-005", "2026-10-01T09:21:23Z", 86.7]
2026-10-02 13:05:10 | INFO | Produced event to topic telemetry-events: key = No Key value = ["evt-00651", "TRK-005", "2026-10-01T09:21:24Z", 87.0]
2026-10-02 13:05:10 | INFO | Produced event to topic telemetry-events: key = No Key value = ["evt-00652", "TRK-002", "2026-10-01T09:21:35Z", 80.7]
2026-10-02 13:05:10 | INFO | Produced event to topic telemetry-events: key = No Key value = ["evt-00653", "TRK-015", "2026-10-01T09:21:47Z", 86.7]
2026-10-02 13:05:10 | INFO | Produced event to topic telemetry-events: key = No Key value = ["evt-00655", "TRK-019", "2026-10-01T09:22:04Z", 85.6]
2026-10-02 13:05:10 | INFO | Produced event to topic telemetry-events: key = No Key value = ["evt-00656", "TRK-006", "2026-10-01T09:22:11Z", 85.5]
2026-10-02 13:05:10 | INFO | Produced event to topic telemetry-events: key = No Key value = ["evt-00657", "TRK-006", "2026-10-01T09:22:22Z", 85.9]
2026-10-02 13:05:10 | INFO | Produced event to topic telemetry-events: key = No Key value = ["evt-00658", "TRK-011", "2026-10-01T09:22:31Z", 78.2]
2026-10-02 13:05:10 | INFO | Produced event to topic telemetry-events: key = No Key value = ["evt-00659", "TRK-017", "2026-10-01T09:22:34Z", 80.6]
2026-10-02 13:05:10 | INFO | Produced event to topic telemetry-events: key = No Key value = ["evt-00660", "TRK-015", "2026-10-01T09:22:38Z", 87.2]
2026-10-02 13:05:10 | INFO | Produced event to topic telemetry-events: key = No Key value = ["evt-00661", "TRK-003", "2026-10-01T09:22:47Z", 84.0]
2026-10-02 13:05:10 | INFO | Produced event to topic telemetry-events: key = No Key value = ["evt-00662", "TRK-006", "2026-10-01T09:22:50Z", 86.5]
2026-10-02 13:05:10 | INFO | Produced event to topic telemetry-events: key = No Key value = ["evt-00663", "TRK-013", "2026-10-01T09:23:04Z", 83.1]
2026-10-02 13:05:10 | INFO | Produced event to topic telemetry-events: key = No Key value = ["evt-00664", "TRK-011", "2026-10-01T09:23:07Z", 78.0]
2026-10-02 13:05:10 | INFO | Produced event to topic telemetry-events: key = No Key value = ["evt-00665", "TRK-010", "2026-10-01T09:23:21Z", 86.1]
2026-10-02 13:05:10 | INFO | Produced event to topic telemetry-events: key = No Key value = ["evt-00666", "TRK-003", "2026-10-01T09:23:29Z", 84.3]
2026-10-02 13:05:10 | INFO | Produced event to topic telemetry-events: key = No Key value = ["evt-00668", "TRK-001", "2026-10-01T09:23:36Z", 89.1]
2026-10-02 13:05:10 | INFO | Produced event to topic telemetry-events: key = No Key value = ["evt-00669", "TRK-001", "2026-10-01T09:23:41Z", 89.4]
2026-10-02 13:05:10 | INFO | Produced event to topic telemetry-events: key = No Key value = ["evt-00670", "TRK-003", "2026-10-01T09:23:43Z", 84.6]
2026-10-02 13:05:10 | INFO | Produced event to topic telemetry-events: key = No Key value = ["evt-00671", "TRK-009", "2026-10-01T09:23:45Z", 80.9]
2026-10-02 13:05:10 | INFO | Produced event to topic telemetry-events: key = No Key value = ["evt-00672", "TRK-006", "2026-10-01T09:23:56Z", 86.0]
2026-10-02 13:05:10 | INFO | Produced event to topic telemetry-events: key = No Key value = ["evt-00673", "TRK-003", "2026-10-01T09:24:10Z", 83.4]
2026-10-02 13:05:10 | INFO | Produced event to topic telemetry-events: key = No Key value = ["evt-00674", "TRK-002", "2026-10-01T09:24:20Z", 80.9]
2026-10-02 13:05:10 | INFO | Produced event to topic telemetry-events: key = No Key value = ["evt-00675", "TRK-006", "2026-10-01T09:24:32Z", 86.3]
2026-10-02 13:05:10 | INFO | Produced event to topic telemetry-events: key = No Key value = ["evt-00676", "TRK-002", "2026-10-01T09:24:39Z", 80.4]
2026-10-02 13:05:10 | INFO | Produced event to topic telemetry-events: key = No Key value = ["evt-00677", "TRK-014", "2026-10-01T09:24:47Z", 88.7]
2026-10-02 13:05:10 | INFO | Produced event to topic telemetry-events: key = No Key value = ["evt-00678", "TRK-007", "2026-10-01T09:24:48Z", 82.9]
2026-10-02 13:05:10 | INFO | Produced event to topic telemetry-events: key = No Key value = ["evt-00679", "TRK-013", "2026-10-01T09:24:53Z", 82.9]
2026-10-02 13:05:10 | INFO | Produced event to topic telemetry-events: key = No Key value = ["evt-00680", "TRK-017", "2026-10-01T09:25:00Z", 79.7]
2026-10-02 13:05:10 | INFO | Produced event to topic telemetry-events: key = No Key value = ["evt-00681", "TRK-010", "2026-10-01T09:25:10Z", 86.2]
2026-10-02 13:05:10 | INFO | Produced event to topic telemetry-events: key = No Key value = ["evt-00682", "TRK-018", "2026-10-01T09:25:24Z", 80.5]
2026-10-02 13:05:10 | INFO | Produced event to topic telemetry-events: key = No Key value = ["evt-00683", "TRK-014", "2026-10-01T09:25:28Z", 88.0]
2026-10-02 13:05:10 | INFO | Produced event to topic telemetry-events: key = No Key value = ["evt-00684", "TRK-004", "2026-10-01T09:25:41Z", 82.6]
2026-10-02 13:05:10 | INFO | Produced event to topic telemetry-events: key = No Key value = ["evt-00685", "TRK-008", "2026-10-01T09:25:43Z", 79.7]
2026-10-02 13:05:10 | INFO | Produced event to topic telemetry-events: key = No Key value = ["evt-00686", "TRK-002", "2026-10-01T09:25:54Z", 80.2]
2026-10-02 13:05:10 | INFO | Produced event to topic telemetry-events: key = No Key value = ["evt-00687", "TRK-017", "2026-10-01T09:26:03Z", 79.7]
2026-10-02 13:05:10 | INFO | Produced event to topic telemetry-events: key = No Key value = ["evt-00688", "TRK-006", "2026-10-01T09:26:04Z", 86.3]
2026-10-02 13:05:10 | INFO | Produced event to topic telemetry-events: key = No Key value = ["evt-00689", "TRK-018", "2026-10-01T09:26:12Z", 80.0]
2026-10-02 13:05:10 | INFO | Produced event to topic telemetry-events: key = No Key value = ["evt-00690", "TRK-001", "2026-10-01T09:26:23Z", 90.1]
2026-10-02 13:05:10 | INFO | Produced event to topic telemetry-events: key = No Key value = ["evt-00691", "TRK-002", "2026-10-01T09:26:35Z", 80.7]
2026-10-02 13:05:10 | INFO | Produced event to topic telemetry-events: key = No Key value = ["evt-00692", "TRK-019", "2026-10-01T09:26:36Z", 85.7]
2026-10-02 13:05:10 | INFO | Produced event to topic telemetry-events: key = No Key value = ["evt-00693", "TRK-012", "2026-10-01T09:26:39Z", 79.9]
2026-10-02 13:05:10 | INFO | Produced event to topic telemetry-events: key = No Key value = ["evt-00694", "TRK-001", "2026-10-01T09:26:51Z", 89.7]
2026-10-02 13:05:10 | INFO | Produced event to topic telemetry-events: key = No Key value = ["evt-00695", "TRK-010", "2026-10-01T09:26:58Z", 86.6]
2026-10-02 13:05:10 | INFO | Produced event to topic telemetry-events: key = No Key value = ["evt-00696", "TRK-012", "2026-10-01T09:27:09Z", 79.7]
2026-10-02 13:05:10 | INFO | Produced event to topic telemetry-events: key = No Key value = ["evt-00697", "TRK-015", "2026-10-01T09:27:18Z", 86.5]
2026-10-02 13:05:10 | INFO | Produced event to topic telemetry-events: key = No Key value = ["evt-00698", "TRK-012", "2026-10-01T09:27:23Z", 79.5]
2026-10-02 13:05:10 | INFO | Produced event to topic telemetry-events: key = No Key value = ["evt-00699", "TRK-005", "2026-10-01T09:27:29Z", 87.0]
2026-10-02 13:05:10 | INFO | Produced event to topic telemetry-events: key = No Key value = ["evt-00700", "TRK-015", "2026-10-01T09:27:31Z", 86.9]
2026-10-02 13:05:10 | INFO | Produced event to topic telemetry-events: key = No Key value = ["evt-00701", "TRK-003", "2026-10-01T09:27:43Z", 83.6]
2026-10-02 13:05:10 | INFO | Produced event to topic telemetry-events: key = No Key value = ["evt-00702", "TRK-002", "2026-10-01T09:27:52Z", 79.9]
2026-10-02 13:05:10 | INFO | Produced event to topic telemetry-events: key = No Key value = ["evt-00703", "TRK-011", "2026-10-01T09:27:58Z", 78.0]
2026-10-02 13:05:10 | INFO | Produced event to topic telemetry-events: key = No Key value = ["evt-00704", "TRK-013", "2026-10-01T09:28:11Z", 83.1]
2026-10-02 13:05:10 | INFO | Produced event to topic telemetry-events: key = No Key value = ["evt-00705", "TRK-008", "2026-10-01T09:28:18Z", 79.9]
2026-10-02 13:05:10 | INFO | Produced event to topic telemetry-events: key = No Key value = ["evt-00706", "TRK-012", "2026-10-01T09:28:23Z", 79.1]
2026-10-02 13:05:10 | INFO | Produced event to topic telemetry-events: key = No Key value = ["evt-00707", "TRK-001", "2026-10-01T09:28:27Z", 90.3]
2026-10-02 13:05:10 | INFO | Produced event to topic telemetry-events: key = No Key value = ["evt-00708", "TRK-012", "2026-10-01T09:28:32Z", 79.4]
2026-10-02 13:05:10 | INFO | Produced event to topic telemetry-events: key = No Key value = ["evt-00710", "TRK-006", "2026-10-01T09:28:38Z", 86.3]
2026-10-02 13:05:10 | INFO | Produced event to topic telemetry-events: key = No Key value = ["evt-00711", "TRK-020", "2026-10-01T09:28:46Z", 87.6]
2026-10-02 13:05:10 | INFO | Produced event to topic telemetry-events: key = No Key value = ["evt-00712", "TRK-006", "2026-10-01T09:28:47Z", 86.5]
2026-10-02 13:05:10 | INFO | Produced event to topic telemetry-events: key = No Key value = ["evt-00713", "TRK-016", "2026-10-01T09:28:48Z", 85.9]
2026-10-02 13:05:10 | INFO | Produced event to topic telemetry-events: key = No Key value = ["evt-00714", "TRK-010", "2026-10-01T09:28:59Z", 86.6]
2026-10-02 13:05:10 | INFO | Produced event to topic telemetry-events: key = No Key value = ["evt-00715", "TRK-009", "2026-10-01T09:29:01Z", 80.7]
2026-10-02 13:05:10 | INFO | Produced event to topic telemetry-events: key = No Key value = ["evt-00716", "TRK-001", "2026-10-01T09:29:08Z", 89.5]
2026-10-02 13:05:10 | INFO | Produced event to topic telemetry-events: key = No Key value = ["evt-00717", "TRK-020", "2026-10-01T09:29:17Z", 88.2]
2026-10-02 13:05:10 | INFO | Produced event to topic telemetry-events: key = No Key value = ["evt-00719", "TRK-011", "2026-10-01T09:29:28Z", 78.4]
2026-10-02 13:05:10 | INFO | Produced event to topic telemetry-events: key = No Key value = ["evt-00720", "TRK-004", "2026-10-01T09:29:36Z", 83.0]
2026-10-02 13:05:10 | INFO | Produced event to topic telemetry-events: key = No Key value = ["evt-00721", "TRK-009", "2026-10-01T09:29:49Z", 80.7]
2026-10-02 13:05:10 | INFO | Produced event to topic telemetry-events: key = No Key value = ["evt-00722", "TRK-012", "2026-10-01T09:29:59Z", 78.5]
2026-10-02 13:05:10 | INFO | Produced event to topic telemetry-events: key = No Key value = ["evt-00723", "TRK-008", "2026-10-01T09:30:08Z", 80.0]
2026-10-02 13:05:10 | INFO | Produced event to topic telemetry-events: key = No Key value = ["evt-00724", "TRK-011", "2026-10-01T09:30:20Z", 78.0]
2026-10-02 13:05:10 | INFO | Produced event to topic telemetry-events: key = No Key value = ["evt-00725", "TRK-017", "2026-10-01T09:30:31Z", 80.2]
2026-10-02 13:05:10 | INFO | Produced event to topic telemetry-events: key = No Key value = ["evt-00726", "TRK-010", "2026-10-01T09:30:42Z", 87.4]
2026-10-02 13:05:10 | INFO | Produced event to topic telemetry-events: key = No Key value = ["evt-00727", "TRK-011", "2026-10-01T09:30:55Z", 78.3]
2026-10-02 13:05:10 | INFO | Produced event to topic telemetry-events: key = No Key value = ["evt-00728", "TRK-011", "2026-10-01T09:31:06Z", 79.0]
2026-10-02 13:05:10 | INFO | Produced event to topic telemetry-events: key = No Key value = ["evt-00729", "TRK-015", "2026-10-01T09:31:10Z", 86.8]
2026-10-02 13:05:10 | INFO | Produced event to topic telemetry-events: key = No Key value = ["evt-00730", "TRK-009", "2026-10-01T09:31:24Z", 80.1]
2026-10-02 13:05:10 | INFO | Produced event to topic telemetry-events: key = No Key value = ["evt-00731", "TRK-017", "2026-10-01T09:31:26Z", 79.5]
2026-10-02 13:05:10 | INFO | Produced event to topic telemetry-events: key = No Key value = ["evt-00732", "TRK-002", "2026-10-01T09:31:39Z", 79.9]
2026-10-02 13:05:10 | INFO | Produced event to topic telemetry-events: key = No Key value = ["evt-00733", "TRK-014", "2026-10-01T09:31:44Z", 88.4]
2026-10-02 13:05:10 | INFO | Produced event to topic telemetry-events: key = No Key value = ["evt-00734", "TRK-014", "2026-10-01T09:31:54Z", 88.5]
2026-10-02 13:05:10 | INFO | Produced event to topic telemetry-events: key = No Key value = ["evt-00735", "TRK-003", "2026-10-01T09:32:08Z", 83.5]
2026-10-02 13:05:10 | INFO | Produced event to topic telemetry-events: key = No Key value = ["evt-00736", "TRK-012", "2026-10-01T09:32:09Z", 79.1]
2026-10-02 13:05:10 | INFO | Produced event to topic telemetry-events: key = No Key value = ["evt-00737", "TRK-011", "2026-10-01T09:32:22Z", 78.0]
2026-10-02 13:05:10 | INFO | Produced event to topic telemetry-events: key = No Key value = ["evt-00738", "TRK-009", "2026-10-01T09:32:26Z", 80.5]
2026-10-02 13:05:10 | INFO | Produced event to topic telemetry-events: key = No Key value = ["evt-00739", "TRK-016", "2026-10-01T09:32:34Z", 84.9]
2026-10-02 13:05:10 | INFO | Produced event to topic telemetry-events: key = No Key value = ["evt-00740", "TRK-019", "2026-10-01T09:32:41Z", 86.0]
2026-10-02 13:05:10 | INFO | Produced event to topic telemetry-events: key = No Key value = ["evt-00741", "TRK-018", "2026-10-01T09:32:51Z", 79.5]
2026-10-02 13:05:10 | INFO | Produced event to topic telemetry-events: key = No Key value = ["evt-00742", "TRK-011", "2026-10-01T09:32:56Z", 78.8]
2026-10-02 13:05:10 | INFO | Produced event to topic telemetry-events: key = No Key value = ["evt-00743", "TRK-002", "2026-10-01T09:33:03Z", 80.5]
2026-10-02 13:05:10 | INFO | Produced event to topic telemetry-events: key = No Key value = ["evt-00744", "TRK-004", "2026-10-01T09:33:17Z", 82.8]
2026-10-02 13:05:10 | INFO | Produced event to topic telemetry-events: key = No Key value = ["evt-00745", "TRK-007", "2026-10-01T09:33:18Z", 83.1]
2026-10-02 13:05:10 | INFO | Produced event to topic telemetry-events: key = No Key value = ["evt-00746", "TRK-012", "2026-10-01T09:33:27Z", 78.4]
2026-10-02 13:05:10 | INFO | Produced event to topic telemetry-events: key = No Key value = ["evt-00747", "TRK-004", "2026-10-01T09:33:32Z", 83.3]
2026-10-02 13:05:10 | INFO | Produced event to topic telemetry-events: key = No Key value = ["evt-00748", "TRK-010", "2026-10-01T09:33:44Z", 86.2]
2026-10-02 13:05:10 | INFO | Produced event to topic telemetry-events: key = No Key value = ["evt-00749", "TRK-008", "2026-10-01T09:33:55Z", 79.5]
2026-10-02 13:05:10 | INFO | Produced event to topic telemetry-events: key = No Key value = ["evt-00751", "TRK-004", "2026-10-01T09:34:17Z", 83.3]
2026-10-02 13:05:10 | INFO | Produced event to topic telemetry-events: key = No Key value = ["evt-00752", "TRK-007", "2026-10-01T09:34:18Z", 83.4]
2026-10-02 13:05:10 | INFO | Produced event to topic telemetry-events: key = No Key value = ["evt-00753", "TRK-020", "2026-10-01T09:34:23Z", 87.2]
2026-10-02 13:05:10 | INFO | Produced event to topic telemetry-events: key = No Key value = ["evt-00754", "TRK-013", "2026-10-01T09:34:27Z", 83.0]
2026-10-02 13:05:10 | INFO | Produced event to topic telemetry-events: key = No Key value = ["evt-00755", "TRK-018", "2026-10-01T09:34:31Z", 79.0]
2026-10-02 13:05:10 | INFO | Produced event to topic telemetry-events: key = No Key value = ["evt-00756", "TRK-002", "2026-10-01T09:34:39Z", 80.9]
2026-10-02 13:05:10 | INFO | Produced event to topic telemetry-events: key = No Key value = ["evt-00757", "TRK-004", "2026-10-01T09:34:44Z", 83.6]
2026-10-02 13:05:10 | INFO | Produced event to topic telemetry-events: key = No Key value = ["evt-00758", "TRK-012", "2026-10-01T09:34:54Z", 79.0]
2026-10-02 13:05:10 | INFO | Produced event to topic telemetry-events: key = No Key value = ["evt-00759", "TRK-013", "2026-10-01T09:35:06Z", 83.5]
2026-10-02 13:05:10 | INFO | Produced event to topic telemetry-events: key = No Key value = ["evt-00760", "TRK-005", "2026-10-01T09:35:11Z", 86.9]
2026-10-02 13:05:10 | INFO | Produced event to topic telemetry-events: key = No Key value = ["evt-00761", "TRK-010", "2026-10-01T09:35:15Z", 85.3]
2026-10-02 13:05:10 | INFO | Produced event to topic telemetry-events: key = No Key value = ["evt-00762", "TRK-009", "2026-10-01T09:35:18Z", 80.5]
2026-10-02 13:05:10 | INFO | Produced event to topic telemetry-events: key = No Key value = ["evt-00763", "TRK-014", "2026-10-01T09:35:30Z", 87.7]
2026-10-02 13:05:10 | INFO | Produced event to topic telemetry-events: key = No Key value = ["evt-00764", "TRK-003", "2026-10-01T09:35:35Z", 84.4]
2026-10-02 13:05:10 | INFO | Produced event to topic telemetry-events: key = No Key value = ["evt-00765", "TRK-015", "2026-10-01T09:35:43Z", 87.4]
2026-10-02 13:05:10 | INFO | Produced event to topic telemetry-events: key = No Key value = ["evt-00766", "TRK-004", "2026-10-01T09:35:46Z", 84.0]
2026-10-02 13:05:10 | INFO | Produced event to topic telemetry-events: key = No Key value = ["evt-00767", "TRK-017", "2026-10-01T09:35:53Z", 79.4]
2026-10-02 13:05:10 | INFO | Produced event to topic telemetry-events: key = No Key value = ["evt-00768", "TRK-009", "2026-10-01T09:36:02Z", 80.9]
2026-10-02 13:05:10 | INFO | Produced event to topic telemetry-events: key = No Key value = ["evt-00769", "TRK-006", "2026-10-01T09:36:07Z", 86.0]
2026-10-02 13:05:10 | INFO | Produced event to topic telemetry-events: key = No Key value = ["evt-00770", "TRK-020", "2026-10-01T09:36:10Z", 87.6]
2026-10-02 13:05:10 | INFO | Produced event to topic telemetry-events: key = No Key value = ["evt-00771", "TRK-015", "2026-10-01T09:36:14Z", 88.1]
2026-10-02 13:05:10 | INFO | Produced event to topic telemetry-events: key = No Key value = ["evt-00772", "TRK-018", "2026-10-01T09:36:28Z", 79.5]
2026-10-02 13:05:10 | INFO | Produced event to topic telemetry-events: key = No Key value = ["evt-00773", "TRK-016", "2026-10-01T09:36:39Z", 84.6]
2026-10-02 13:05:10 | INFO | Produced event to topic telemetry-events: key = No Key value = ["evt-00774", "TRK-015", "2026-10-01T09:36:45Z", 87.9]
2026-10-02 13:05:10 | INFO | Produced event to topic telemetry-events: key = No Key value = ["evt-00775", "TRK-016", "2026-10-01T09:36:53Z", 84.7]
2026-10-02 13:05:10 | INFO | Produced event to topic telemetry-events: key = No Key value = ["evt-00776", "TRK-016", "2026-10-01T09:37:04Z", 85.7]
2026-10-02 13:05:10 | INFO | Produced event to topic telemetry-events: key = No Key value = ["evt-00777", "TRK-010", "2026-10-01T09:37:14Z", 84.3]
2026-10-02 13:05:10 | INFO | Produced event to topic telemetry-events: key = No Key value = ["evt-00778", "TRK-017", "2026-10-01T09:37:18Z", 79.5]
2026-10-02 13:05:10 | INFO | Produced event to topic telemetry-events: key = No Key value = ["evt-00779", "TRK-015", "2026-10-01T09:37:27Z", 88.0]
2026-10-02 13:05:10 | INFO | Produced event to topic telemetry-events: key = No Key value = ["evt-00780", "TRK-019", "2026-10-01T09:37:31Z", 85.3]
2026-10-02 13:05:10 | INFO | Produced event to topic telemetry-events: key = No Key value = ["evt-00781", "TRK-002", "2026-10-01T09:37:39Z", 80.8]
2026-10-02 13:05:10 | INFO | Produced event to topic telemetry-events: key = No Key value = ["evt-00782", "TRK-017", "2026-10-01T09:37:41Z", 79.7]
2026-10-02 13:05:10 | INFO | Produced event to topic telemetry-events: key = No Key value = ["evt-00783", "TRK-009", "2026-10-01T09:37:54Z", 81.3]
2026-10-02 13:05:10 | INFO | Produced event to topic telemetry-events: key = No Key value = ["evt-00784", "TRK-017", "2026-10-01T09:37:55Z", 79.0]
2026-10-02 13:05:10 | INFO | Produced event to topic telemetry-events: key = No Key value = ["evt-00785", "TRK-015", "2026-10-01T09:38:08Z", 88.0]
2026-10-02 13:05:10 | INFO | Produced event to topic telemetry-events: key = No Key value = ["evt-00786", "TRK-015", "2026-10-01T09:38:12Z", 88.4]
2026-10-02 13:05:10 | INFO | Produced event to topic telemetry-events: key = No Key value = ["evt-00787", "TRK-004", "2026-10-01T09:38:14Z", 84.2]
2026-10-02 13:05:10 | INFO | Produced event to topic telemetry-events: key = No Key value = ["evt-00788", "TRK-002", "2026-10-01T09:38:27Z", 80.6]
2026-10-02 13:05:10 | INFO | Produced event to topic telemetry-events: key = No Key value = ["evt-00789", "TRK-019", "2026-10-01T09:38:33Z", 85.6]
2026-10-02 13:05:10 | INFO | Produced event to topic telemetry-events: key = No Key value = ["evt-00790", "TRK-001", "2026-10-01T09:38:38Z", 89.6]
2026-10-02 13:05:10 | INFO | Produced event to topic telemetry-events: key = No Key value = ["evt-00791", "TRK-006", "2026-10-01T09:38:46Z", 86.3]
2026-10-02 13:05:10 | INFO | Produced event to topic telemetry-events: key = No Key value = ["evt-00792", "TRK-012", "2026-10-01T09:38:57Z", 78.7]
2026-10-02 13:05:10 | INFO | Produced event to topic telemetry-events: key = No Key value = ["evt-00793", "TRK-020", "2026-10-01T09:39:01Z", 86.7]
2026-10-02 13:05:10 | INFO | Produced event to topic telemetry-events: key = No Key value = ["evt-00794", "TRK-005", "2026-10-01T09:39:09Z", 87.5]
2026-10-02 13:05:10 | INFO | Produced event to topic telemetry-events: key = No Key value = ["evt-00795", "TRK-003", "2026-10-01T09:39:11Z", 84.4]
2026-10-02 13:05:10 | INFO | Produced event to topic telemetry-events: key = No Key value = ["evt-00796", "TRK-011", "2026-10-01T09:39:16Z", 78.4]
2026-10-02 13:05:10 | INFO | Produced event to topic telemetry-events: key = No Key value = ["evt-00797", "TRK-017", "2026-10-01T09:39:22Z", 79.7]
2026-10-02 13:05:10 | INFO | Produced event to topic telemetry-events: key = No Key value = ["evt-00798", "TRK-001", "2026-10-01T09:39:36Z", 89.0]
2026-10-02 13:05:10 | INFO | Produced event to topic telemetry-events: key = No Key value = ["evt-00799", "TRK-009", "2026-10-01T09:39:39Z", 81.0]
2026-10-02 13:05:10 | INFO | Produced event to topic telemetry-events: key = No Key value = ["evt-00800", "TRK-007", "2026-10-01T09:39:43Z", 83.6]
2026-10-02 13:05:10 | INFO | Produced event to topic telemetry-events: key = No Key value = ["evt-00801", "TRK-020", "2026-10-01T09:39:49Z", 86.3]
2026-10-02 13:05:10 | INFO | Produced event to topic telemetry-events: key = No Key value = ["evt-00802", "TRK-020", "2026-10-01T09:40:02Z", 86.6]
2026-10-02 13:05:10 | INFO | Produced event to topic telemetry-events: key = No Key value = ["evt-00803", "TRK-010", "2026-10-01T09:40:11Z", 83.5]
2026-10-02 13:05:10 | INFO | Produced event to topic telemetry-events: key = No Key value = ["evt-00804", "TRK-005", "2026-10-01T09:40:23Z", 87.6]
2026-10-02 13:05:10 | INFO | Produced event to topic telemetry-events: key = No Key value = ["evt-00805", "TRK-005", "2026-10-01T09:40:25Z", 87.2]
2026-10-02 13:05:10 | INFO | Produced event to topic telemetry-events: key = No Key value = ["evt-00806", "TRK-012", "2026-10-01T09:40:32Z", 79.7]
2026-10-02 13:05:10 | INFO | Produced event to topic telemetry-events: key = No Key value = ["evt-00807", "TRK-010", "2026-10-01T09:40:34Z", 82.4]
2026-10-02 13:05:10 | INFO | Produced event to topic telemetry-events: key = No Key value = ["evt-00808", "TRK-010", "2026-10-01T09:40:40Z", 82.3]
2026-10-02 13:05:10 | INFO | Produced event to topic telemetry-events: key = No Key value = ["evt-00809", "TRK-011", "2026-10-01T09:40:47Z", 78.4]
2026-10-02 13:05:10 | INFO | Produced event to topic telemetry-events: key = No Key value = ["evt-00810", "TRK-012", "2026-10-01T09:40:50Z", 79.8]
2026-10-02 13:05:10 | INFO | Produced event to topic telemetry-events: key = No Key value = ["evt-00811", "TRK-015", "2026-10-01T09:40:52Z", 113.2]
2026-10-02 13:05:10 | INFO | Produced event to topic telemetry-events: key = No Key value = ["evt-00812", "TRK-004", "2026-10-01T09:41:03Z", 84.8]
2026-10-02 13:05:10 | INFO | Produced event to topic telemetry-events: key = No Key value = ["evt-00813", "TRK-004", "2026-10-01T09:41:04Z", 84.7]
2026-10-02 13:05:10 | INFO | Produced event to topic telemetry-events: key = No Key value = ["evt-00814", "TRK-019", "2026-10-01T09:41:09Z", 85.0]
2026-10-02 13:05:10 | INFO | Produced event to topic telemetry-events: key = No Key value = ["evt-00815", "TRK-004", "2026-10-01T09:41:11Z", 84.4]
2026-10-02 13:05:10 | INFO | Produced event to topic telemetry-events: key = No Key value = ["evt-00816", "TRK-013", "2026-10-01T09:41:15Z", 83.4]
2026-10-02 13:05:10 | INFO | Produced event to topic telemetry-events: key = No Key value = ["evt-00817", "TRK-009", "2026-10-01T09:41:19Z", 81.4]
2026-10-02 13:05:10 | INFO | Produced event to topic telemetry-events: key = No Key value = ["evt-00818", "TRK-006", "2026-10-01T09:41:25Z", 87.2]
2026-10-02 13:05:10 | INFO | Produced event to topic telemetry-events: key = No Key value = ["evt-00819", "TRK-018", "2026-10-01T09:41:36Z", 79.0]
2026-10-02 13:05:10 | INFO | Produced event to topic telemetry-events: key = No Key value = ["evt-00820", "TRK-015", "2026-10-01T09:41:40Z", 111.4]
2026-10-02 13:05:10 | INFO | Produced event to topic telemetry-events: key = No Key value = ["evt-00821", "TRK-019", "2026-10-01T09:41:48Z", 85.2]
2026-10-02 13:05:10 | INFO | Produced event to topic telemetry-events: key = No Key value = ["evt-00822", "TRK-018", "2026-10-01T09:41:52Z", 78.1]
2026-10-02 13:05:10 | INFO | Produced event to topic telemetry-events: key = No Key value = ["evt-00823", "TRK-007", "2026-10-01T09:41:53Z", 103.1]
2026-10-02 13:05:10 | INFO | Produced event to topic telemetry-events: key = No Key value = ["evt-00824", "TRK-016", "2026-10-01T09:41:55Z", 84.5]
2026-10-02 13:05:10 | INFO | Produced event to topic telemetry-events: key = No Key value = ["evt-00825", "TRK-010", "2026-10-01T09:41:57Z", 82.6]
2026-10-02 13:05:10 | INFO | Produced event to topic telemetry-events: key = No Key value = ["evt-00826", "TRK-013", "2026-10-01T09:42:05Z", 83.7]
2026-10-02 13:05:10 | INFO | Produced event to topic telemetry-events: key = No Key value = ["evt-00827", "TRK-010", "2026-10-01T09:42:11Z", 83.2]
2026-10-02 13:05:10 | INFO | Produced event to topic telemetry-events: key = No Key value = ["evt-00828", "TRK-019", "2026-10-01T09:42:25Z", 85.7]
2026-10-02 13:05:10 | INFO | Produced event to topic telemetry-events: key = No Key value = ["evt-00829", "TRK-009", "2026-10-01T09:42:38Z", 82.1]
2026-10-02 13:05:10 | INFO | Produced event to topic telemetry-events: key = No Key value = ["evt-00830", "TRK-001", "2026-10-01T09:42:44Z", 90.5]
2026-10-02 13:05:10 | INFO | Produced event to topic telemetry-events: key = No Key value = ["evt-00831", "TRK-018", "2026-10-01T09:42:52Z", 78.0]
2026-10-02 13:05:10 | INFO | Produced event to topic telemetry-events: key = No Key value = ["evt-00832", "TRK-006", "2026-10-01T09:43:02Z", 88.0]
2026-10-02 13:05:10 | INFO | Produced event to topic telemetry-events: key = No Key value = ["evt-00833", "TRK-018", "2026-10-01T09:43:14Z", 78.2]
2026-10-02 13:05:10 | INFO | Produced event to topic telemetry-events: key = No Key value = ["evt-00835", "TRK-004", "2026-10-01T09:43:30Z", 84.0]
2026-10-02 13:05:10 | INFO | Produced event to topic telemetry-events: key = No Key value = ["evt-00836", "TRK-004", "2026-10-01T09:43:42Z", 84.0]
2026-10-02 13:05:10 | INFO | Produced event to topic telemetry-events: key = No Key value = ["evt-00837", "TRK-003", "2026-10-01T09:43:56Z", 111.6]
2026-10-02 13:05:10 | INFO | Produced event to topic telemetry-events: key = No Key value = ["evt-00838", "TRK-005", "2026-10-01T09:43:57Z", 87.1]
2026-10-02 13:05:10 | INFO | Produced event to topic telemetry-events: key = No Key value = ["evt-00839", "TRK-018", "2026-10-01T09:44:04Z", 78.7]
2026-10-02 13:05:10 | INFO | Produced event to topic telemetry-events: key = No Key value = ["evt-00841", "TRK-012", "2026-10-01T09:44:21Z", 81.0]
2026-10-02 13:05:10 | INFO | Produced event to topic telemetry-events: key = No Key value = ["evt-00842", "TRK-020", "2026-10-01T09:44:29Z", 85.4]
2026-10-02 13:05:10 | INFO | Produced event to topic telemetry-events: key = No Key value = ["evt-00843", "TRK-014", "2026-10-01T09:44:36Z", 87.6]
2026-10-02 13:05:10 | INFO | Produced event to topic telemetry-events: key = No Key value = ["evt-00844", "TRK-010", "2026-10-01T09:44:46Z", 83.3]
2026-10-02 13:05:10 | INFO | Produced event to topic telemetry-events: key = No Key value = ["evt-00845", "TRK-001", "2026-10-01T09:44:47Z", 90.3]
2026-10-02 13:05:10 | INFO | Produced event to topic telemetry-events: key = No Key value = ["evt-00846", "TRK-003", "2026-10-01T09:44:54Z", 103.8]
2026-10-02 13:05:10 | INFO | Produced event to topic telemetry-events: key = No Key value = ["evt-00847", "TRK-010", "2026-10-01T09:45:01Z", 83.5]
2026-10-02 13:05:10 | INFO | Produced event to topic telemetry-events: key = No Key value = ["evt-00848", "TRK-009", "2026-10-01T09:45:14Z", 82.2]
2026-10-02 13:05:10 | INFO | Produced event to topic telemetry-events: key = No Key value = ["evt-00849", "TRK-013", "2026-10-01T09:45:28Z", 83.5]
2026-10-02 13:05:10 | INFO | Produced event to topic telemetry-events: key = No Key value = ["evt-00850", "TRK-008", "2026-10-01T09:45:33Z", 78.0]
2026-10-02 13:05:10 | INFO | Produced event to topic telemetry-events: key = No Key value = ["evt-00851", "TRK-006", "2026-10-01T09:45:45Z", 87.3]
2026-10-02 13:05:10 | INFO | Produced event to topic telemetry-events: key = No Key value = ["evt-00852", "TRK-017", "2026-10-01T09:45:59Z", 79.7]
2026-10-02 13:05:10 | INFO | Produced event to topic telemetry-events: key = No Key value = ["evt-00853", "TRK-010", "2026-10-01T09:46:02Z", 83.0]
2026-10-02 13:05:10 | INFO | Produced event to topic telemetry-events: key = No Key value = ["evt-00854", "TRK-004", "2026-10-01T09:46:04Z", 83.6]
2026-10-02 13:05:10 | INFO | Produced event to topic telemetry-events: key = No Key value = ["evt-00855", "TRK-011", "2026-10-01T09:46:18Z", 78.0]
2026-10-02 13:05:10 | INFO | Produced event to topic telemetry-events: key = No Key value = ["evt-00856", "TRK-015", "2026-10-01T09:46:32Z", 116.2]
2026-10-02 13:05:10 | INFO | Produced event to topic telemetry-events: key = No Key value = ["evt-00857", "TRK-009", "2026-10-01T09:46:33Z", 83.0]
2026-10-02 13:05:10 | INFO | Produced event to topic telemetry-events: key = No Key value = ["evt-00858", "TRK-015", "2026-10-01T09:46:43Z", 106.9]
2026-10-02 13:05:10 | INFO | Produced event to topic telemetry-events: key = No Key value = ["evt-00859", "TRK-019", "2026-10-01T09:46:56Z", 85.9]
2026-10-02 13:05:10 | INFO | Produced event to topic telemetry-events: key = No Key value = ["evt-00860", "TRK-013", "2026-10-01T09:46:57Z", 84.1]
2026-10-02 13:05:10 | INFO | Produced event to topic telemetry-events: key = No Key value = ["evt-00861", "TRK-007", "2026-10-01T09:47:05Z", 104.3]
2026-10-02 13:05:10 | INFO | Produced event to topic telemetry-events: key = No Key value = ["evt-00862", "TRK-007", "2026-10-01T09:47:15Z", 105.8]
2026-10-02 13:05:10 | INFO | Produced event to topic telemetry-events: key = No Key value = ["evt-00863", "TRK-017", "2026-10-01T09:47:29Z", 81.3]
2026-10-02 13:05:10 | INFO | Produced event to topic telemetry-events: key = No Key value = ["evt-00864", "TRK-016", "2026-10-01T09:47:38Z", 83.9]
2026-10-02 13:05:10 | INFO | Produced event to topic telemetry-events: key = No Key value = ["evt-00865", "TRK-009", "2026-10-01T09:47:46Z", 82.8]
2026-10-02 13:05:10 | INFO | Produced event to topic telemetry-events: key = No Key value = ["evt-00866", "TRK-009", "2026-10-01T09:47:49Z", 83.8]
2026-10-02 13:05:10 | INFO | Produced event to topic telemetry-events: key = No Key value = ["evt-00867", "TRK-009", "2026-10-01T09:47:56Z", 83.0]
2026-10-02 13:05:10 | INFO | Produced event to topic telemetry-events: key = No Key value = ["evt-00869", "TRK-014", "2026-10-01T09:48:13Z", 87.1]
2026-10-02 13:05:10 | INFO | Produced event to topic telemetry-events: key = No Key value = ["evt-00870", "TRK-006", "2026-10-01T09:48:25Z", 86.9]
2026-10-02 13:05:10 | INFO | Produced event to topic telemetry-events: key = No Key value = ["evt-00871", "TRK-008", "2026-10-01T09:48:29Z", 78.1]
2026-10-02 13:05:10 | INFO | Produced event to topic telemetry-events: key = No Key value = ["evt-00872", "TRK-018", "2026-10-01T09:48:31Z", 79.4]
2026-10-02 13:05:10 | INFO | Produced event to topic telemetry-events: key = No Key value = ["evt-00873", "TRK-015", "2026-10-01T09:48:35Z", 108.1]
2026-10-02 13:05:10 | INFO | Produced event to topic telemetry-events: key = No Key value = ["evt-00874", "TRK-004", "2026-10-01T09:48:46Z", 83.2]
2026-10-02 13:05:10 | INFO | Produced event to topic telemetry-events: key = No Key value = ["evt-00875", "TRK-011", "2026-10-01T09:48:56Z", 78.3]
2026-10-02 13:05:10 | INFO | Produced event to topic telemetry-events: key = No Key value = ["evt-00876", "TRK-002", "2026-10-01T09:49:10Z", 80.4]
2026-10-02 13:05:10 | INFO | Produced event to topic telemetry-events: key = No Key value = ["evt-00877", "TRK-009", "2026-10-01T09:49:22Z", 82.5]
2026-10-02 13:05:10 | INFO | Produced event to topic telemetry-events: key = No Key value = ["evt-00878", "TRK-016", "2026-10-01T09:49:31Z", 84.0]
2026-10-02 13:05:10 | INFO | Produced event to topic telemetry-events: key = No Key value = ["evt-00879", "TRK-009", "2026-10-01T09:49:41Z", 83.3]
2026-10-02 13:05:10 | INFO | Produced event to topic telemetry-events: key = No Key value = ["evt-00881", "TRK-019", "2026-10-01T09:49:54Z", 85.5]
2026-10-02 13:05:10 | INFO | Produced event to topic telemetry-events: key = No Key value = ["evt-00882", "TRK-006", "2026-10-01T09:50:07Z", 87.2]
2026-10-02 13:05:10 | INFO | Produced event to topic telemetry-events: key = No Key value = ["evt-00883", "TRK-016", "2026-10-01T09:50:14Z", 83.3]
2026-10-02 13:05:10 | INFO | Produced event to topic telemetry-events: key = No Key value = ["evt-00884", "TRK-010", "2026-10-01T09:50:19Z", 84.2]
2026-10-02 13:05:10 | INFO | Produced event to topic telemetry-events: key = No Key value = ["evt-00885", "TRK-010", "2026-10-01T09:50:31Z", 85.3]
2026-10-02 13:05:10 | INFO | Produced event to topic telemetry-events: key = No Key value = ["evt-00886", "TRK-008", "2026-10-01T09:50:39Z", 78.0]
2026-10-02 13:05:10 | INFO | Produced event to topic telemetry-events: key = No Key value = ["evt-00887", "TRK-008", "2026-10-01T09:50:52Z", 78.0]
2026-10-02 13:05:10 | INFO | Produced event to topic telemetry-events: key = No Key value = ["evt-00888", "TRK-012", "2026-10-01T09:51:03Z", 80.1]
2026-10-02 13:05:10 | INFO | Produced event to topic telemetry-events: key = No Key value = ["evt-00889", "TRK-017", "2026-10-01T09:51:13Z", 80.8]
2026-10-02 13:05:10 | INFO | Produced event to topic telemetry-events: key = No Key value = ["evt-00890", "TRK-018", "2026-10-01T09:51:27Z", 80.3]
2026-10-02 13:05:10 | INFO | Produced event to topic telemetry-events: key = No Key value = ["evt-00891", "TRK-006", "2026-10-01T09:51:36Z", 87.2]
2026-10-02 13:05:10 | INFO | Produced event to topic telemetry-events: key = No Key value = ["evt-00892", "TRK-001", "2026-10-01T09:51:50Z", 90.3]
2026-10-02 13:05:10 | INFO | Produced event to topic telemetry-events: key = No Key value = ["evt-00893", "TRK-014", "2026-10-01T09:52:03Z", 87.7]
2026-10-02 13:05:10 | INFO | Produced event to topic telemetry-events: key = No Key value = ["evt-00894", "TRK-015", "2026-10-01T09:52:07Z", 109.5]
2026-10-02 13:05:10 | INFO | Produced event to topic telemetry-events: key = No Key value = ["evt-00895", "TRK-020", "2026-10-01T09:52:17Z", 86.4]
2026-10-02 13:05:10 | INFO | Produced event to topic telemetry-events: key = No Key value = ["evt-00896", "TRK-001", "2026-10-01T09:52:22Z", 91.2]
2026-10-02 13:05:10 | INFO | Produced event to topic telemetry-events: key = No Key value = ["evt-00897", "TRK-006", "2026-10-01T09:52:35Z", 87.0]
2026-10-02 13:05:10 | INFO | Produced event to topic telemetry-events: key = No Key value = ["evt-00898", "TRK-014", "2026-10-01T09:52:37Z", 88.0]
2026-10-02 13:05:10 | INFO | Produced event to topic telemetry-events: key = No Key value = ["evt-00899", "TRK-014", "2026-10-01T09:52:48Z", 89.0]
2026-10-02 13:05:10 | INFO | Produced event to topic telemetry-events: key = No Key value = ["evt-00900", "TRK-013", "2026-10-01T09:52:54Z", 84.0]
2026-10-02 13:05:10 | INFO | Produced event to topic telemetry-events: key = No Key value = ["evt-00901", "TRK-008", "2026-10-01T09:53:05Z", 78.4]
2026-10-02 13:05:10 | INFO | Produced event to topic telemetry-events: key = No Key value = ["evt-00902", "TRK-020", "2026-10-01T09:53:17Z", 87.0]
2026-10-02 13:05:10 | INFO | Produced event to topic telemetry-events: key = No Key value = ["evt-00903", "TRK-010", "2026-10-01T09:53:20Z", 85.2]
2026-10-02 13:05:10 | INFO | Produced event to topic telemetry-events: key = No Key value = ["evt-00904", "TRK-020", "2026-10-01T09:53:31Z", 86.7]
2026-10-02 13:05:10 | INFO | Produced event to topic telemetry-events: key = No Key value = ["evt-00905", "TRK-019", "2026-10-01T09:53:37Z", 84.4]
2026-10-02 13:05:10 | INFO | Produced event to topic telemetry-events: key = No Key value = ["evt-00906", "TRK-003", "2026-10-01T09:53:43Z", 102.4]
2026-10-02 13:05:10 | INFO | Produced event to topic telemetry-events: key = No Key value = ["evt-00907", "TRK-018", "2026-10-01T09:53:44Z", 80.6]
2026-10-02 13:05:10 | INFO | Produced event to topic telemetry-events: key = No Key value = ["evt-00908", "TRK-016", "2026-10-01T09:53:49Z", 83.9]
2026-10-02 13:05:10 | INFO | Produced event to topic telemetry-events: key = No Key value = ["evt-00909", "TRK-010", "2026-10-01T09:53:52Z", 85.3]
2026-10-02 13:05:10 | INFO | Produced event to topic telemetry-events: key = No Key value = ["evt-00910", "TRK-011", "2026-10-01T09:53:54Z", 78.4]
2026-10-02 13:05:10 | INFO | Produced event to topic telemetry-events: key = No Key value = ["evt-00911", "TRK-011", "2026-10-01T09:54:03Z", 78.7]
2026-10-02 13:05:10 | INFO | Produced event to topic telemetry-events: key = No Key value = ["evt-00912", "TRK-014", "2026-10-01T09:54:05Z", 88.2]
2026-10-02 13:05:10 | INFO | Produced event to topic telemetry-events: key = No Key value = ["evt-00913", "TRK-005", "2026-10-01T09:54:16Z", 85.6]
2026-10-02 13:05:10 | INFO | Produced event to topic telemetry-events: key = No Key value = ["evt-00914", "TRK-017", "2026-10-01T09:54:26Z", 80.0]
2026-10-02 13:05:10 | INFO | Produced event to topic telemetry-events: key = No Key value = ["evt-00915", "TRK-014", "2026-10-01T09:54:37Z", 88.7]
2026-10-02 13:05:10 | INFO | Produced event to topic telemetry-events: key = No Key value = ["evt-00916", "TRK-011", "2026-10-01T09:54:42Z", 78.5]
2026-10-02 13:05:10 | INFO | Produced event to topic telemetry-events: key = No Key value = ["evt-00917", "TRK-009", "2026-10-01T09:54:53Z", 83.9]
2026-10-02 13:05:10 | INFO | Produced event to topic telemetry-events: key = No Key value = ["evt-00918", "TRK-019", "2026-10-01T09:54:54Z", 85.2]
2026-10-02 13:05:10 | INFO | Produced event to topic telemetry-events: key = No Key value = ["evt-00919", "TRK-004", "2026-10-01T09:54:55Z", 83.5]
2026-10-02 13:05:10 | INFO | Produced event to topic telemetry-events: key = No Key value = ["evt-00920", "TRK-015", "2026-10-01T09:54:56Z", 112.7]
2026-10-02 13:05:10 | INFO | Produced event to topic telemetry-events: key = No Key value = ["evt-00921", "TRK-020", "2026-10-01T09:54:58Z", 87.0]
2026-10-02 13:05:10 | INFO | Produced event to topic telemetry-events: key = No Key value = ["evt-00922", "TRK-012", "2026-10-01T09:55:06Z", 80.9]
2026-10-02 13:05:10 | INFO | Produced event to topic telemetry-events: key = No Key value = ["evt-00923", "TRK-006", "2026-10-01T09:55:09Z", 87.3]
2026-10-02 13:05:10 | INFO | Produced event to topic telemetry-events: key = No Key value = ["evt-00924", "TRK-002", "2026-10-01T09:55:14Z", 80.5]
2026-10-02 13:05:10 | INFO | Produced event to topic telemetry-events: key = No Key value = ["evt-00925", "TRK-002", "2026-10-01T09:55:18Z", 80.6]
2026-10-02 13:05:10 | INFO | Produced event to topic telemetry-events: key = No Key value = ["evt-00926", "TRK-011", "2026-10-01T09:55:24Z", 78.3]
2026-10-02 13:05:10 | INFO | Produced event to topic telemetry-events: key = No Key value = ["evt-00927", "TRK-008", "2026-10-01T09:55:34Z", 78.5]
2026-10-02 13:05:11 | INFO | Produced event to topic telemetry-events: key = No Key value = ["evt-00928", "TRK-016", "2026-10-01T09:55:48Z", 83.5]
2026-10-02 13:05:11 | INFO | Produced event to topic telemetry-events: key = No Key value = ["evt-00929", "TRK-007", "2026-10-01T09:56:01Z", 110.3]
2026-10-02 13:05:11 | INFO | Produced event to topic telemetry-events: key = No Key value = ["evt-00930", "TRK-019", "2026-10-01T09:56:05Z", 84.9]
2026-10-02 13:05:11 | INFO | Produced event to topic telemetry-events: key = No Key value = ["evt-00931", "TRK-017", "2026-10-01T09:56:12Z", 80.3]
2026-10-02 13:05:11 | INFO | Produced event to topic telemetry-events: key = No Key value = ["evt-00932", "TRK-014", "2026-10-01T09:56:16Z", 88.8]
2026-10-02 13:05:11 | INFO | Produced event to topic telemetry-events: key = No Key value = ["evt-00933", "TRK-012", "2026-10-01T09:56:17Z", 81.4]
2026-10-02 13:05:11 | INFO | Produced event to topic telemetry-events: key = No Key value = ["evt-00934", "TRK-014", "2026-10-01T09:56:28Z", 89.0]
2026-10-02 13:05:11 | INFO | Produced event to topic telemetry-events: key = No Key value = ["evt-00935", "TRK-007", "2026-10-01T09:56:40Z", 102.0]
2026-10-02 13:05:11 | INFO | Produced event to topic telemetry-events: key = No Key value = ["evt-00936", "TRK-020", "2026-10-01T09:56:45Z", 86.2]
2026-10-02 13:05:11 | INFO | Produced event to topic telemetry-events: key = No Key value = ["evt-00937", "TRK-005", "2026-10-01T09:56:59Z", 85.9]
2026-10-02 13:05:11 | INFO | Produced event to topic telemetry-events: key = No Key value = ["evt-00938", "TRK-010", "2026-10-01T09:57:06Z", 84.6]
2026-10-02 13:05:11 | INFO | Produced event to topic telemetry-events: key = No Key value = ["evt-00939", "TRK-004", "2026-10-01T09:57:19Z", 84.0]
2026-10-02 13:05:11 | INFO | Produced event to topic telemetry-events: key = No Key value = ["evt-00940", "TRK-006", "2026-10-01T09:57:29Z", 88.2]
2026-10-02 13:05:11 | INFO | Produced event to topic telemetry-events: key = No Key value = ["evt-00941", "TRK-014", "2026-10-01T09:57:37Z", 88.2]
2026-10-02 13:05:11 | INFO | Produced event to topic telemetry-events: key = No Key value = ["evt-00942", "TRK-017", "2026-10-01T09:57:38Z", 80.8]
2026-10-02 13:05:11 | INFO | Produced event to topic telemetry-events: key = No Key value = ["evt-00943", "TRK-010", "2026-10-01T09:57:47Z", 84.0]
2026-10-02 13:05:11 | INFO | Produced event to topic telemetry-events: key = No Key value = ["evt-00944", "TRK-013", "2026-10-01T09:57:56Z", 84.6]
2026-10-02 13:05:11 | INFO | Produced event to topic telemetry-events: key = No Key value = ["evt-00945", "TRK-019", "2026-10-01T09:58:08Z", 85.2]
2026-10-02 13:05:11 | INFO | Produced event to topic telemetry-events: key = No Key value = ["evt-00946", "TRK-007", "2026-10-01T09:58:21Z", 111.6]
2026-10-02 13:05:11 | INFO | Produced event to topic telemetry-events: key = No Key value = ["evt-00947", "TRK-020", "2026-10-01T09:58:31Z", 86.2]
2026-10-02 13:05:11 | INFO | Produced event to topic telemetry-events: key = No Key value = ["evt-00948", "TRK-012", "2026-10-01T09:58:43Z", 80.5]
2026-10-02 13:05:11 | INFO | Produced event to topic telemetry-events: key = No Key value = ["evt-00949", "TRK-007", "2026-10-01T09:58:52Z", 104.8]
2026-10-02 13:05:11 | INFO | Produced event to topic telemetry-events: key = No Key value = ["evt-00950", "TRK-008", "2026-10-01T09:59:05Z", 79.1]
2026-10-02 13:05:11 | INFO | Produced event to topic telemetry-events: key = No Key value = ["evt-00951", "TRK-017", "2026-10-01T09:59:10Z", 81.8]
2026-10-02 13:05:11 | INFO | Produced event to topic telemetry-events: key = No Key value = ["evt-00952", "TRK-014", "2026-10-01T09:59:16Z", 88.2]
2026-10-02 13:05:11 | INFO | Produced event to topic telemetry-events: key = No Key value = ["evt-00953", "TRK-007", "2026-10-01T09:59:24Z", 103.8]
2026-10-02 13:05:11 | INFO | Produced event to topic telemetry-events: key = No Key value = ["evt-00954", "TRK-003", "2026-10-01T09:59:36Z", 106.5]
2026-10-02 13:05:11 | INFO | Produced event to topic telemetry-events: key = No Key value = ["evt-00955", "TRK-016", "2026-10-01T09:59:42Z", 84.3]
2026-10-02 13:05:11 | INFO | Produced event to topic telemetry-events: key = No Key value = ["evt-00956", "TRK-006", "2026-10-01T09:59:56Z", 89.3]
2026-10-02 13:05:11 | INFO | Produced event to topic telemetry-events: key = No Key value = ["evt-00957", "TRK-010", "2026-10-01T09:59:59Z", 83.8]
2026-10-02 13:05:11 | INFO | Produced event to topic telemetry-events: key = No Key value = ["evt-00958", "TRK-005", "2026-10-01T10:00:13Z", 86.3]
2026-10-02 13:05:11 | INFO | Produced event to topic telemetry-events: key = No Key value = ["evt-00959", "TRK-009", "2026-10-01T10:00:27Z", 85.4]
2026-10-02 13:05:11 | INFO | Produced event to topic telemetry-events: key = No Key value = ["evt-00960", "TRK-004", "2026-10-01T10:00:40Z", 85.4]
2026-10-02 13:05:11 | INFO | Produced event to topic telemetry-events: key = No Key value = ["evt-00961", "TRK-010", "2026-10-01T10:00:42Z", 83.7]
2026-10-02 13:05:11 | INFO | Produced event to topic telemetry-events: key = No Key value = ["evt-00962", "TRK-004", "2026-10-01T10:00:43Z", 85.1]
2026-10-02 13:05:11 | INFO | Produced event to topic telemetry-events: key = No Key value = ["evt-00963", "TRK-013", "2026-10-01T10:00:44Z", 84.0]
2026-10-02 13:05:11 | INFO | Produced event to topic telemetry-events: key = No Key value = ["evt-00964", "TRK-014", "2026-10-01T10:00:52Z", 87.8]
2026-10-02 13:05:11 | INFO | Produced event to topic telemetry-events: key = No Key value = ["evt-00965", "TRK-015", "2026-10-01T10:01:03Z", 110.9]
2026-10-02 13:05:11 | INFO | Produced event to topic telemetry-events: key = No Key value = ["evt-00966", "TRK-017", "2026-10-01T10:01:17Z", 82.4]
2026-10-02 13:05:11 | INFO | Produced event to topic telemetry-events: key = No Key value = ["evt-00967", "TRK-018", "2026-10-01T10:01:30Z", 80.4]
2026-10-02 13:05:11 | INFO | Produced event to topic telemetry-events: key = No Key value = ["evt-00968", "TRK-016", "2026-10-01T10:01:37Z", 85.4]
2026-10-02 13:05:11 | INFO | Produced event to topic telemetry-events: key = No Key value = ["evt-00969", "TRK-019", "2026-10-01T10:01:41Z", 85.0]
2026-10-02 13:05:11 | INFO | Produced event to topic telemetry-events: key = No Key value = ["evt-00970", "TRK-020", "2026-10-01T10:01:55Z", 87.4]
2026-10-02 13:05:11 | INFO | Produced event to topic telemetry-events: key = No Key value = ["evt-00972", "TRK-002", "2026-10-01T10:02:13Z", 80.8]
2026-10-02 13:05:11 | INFO | Produced event to topic telemetry-events: key = No Key value = ["evt-00973", "TRK-012", "2026-10-01T10:02:14Z", 80.6]
2026-10-02 13:05:11 | INFO | Produced event to topic telemetry-events: key = No Key value = ["evt-00974", "TRK-012", "2026-10-01T10:02:15Z", 80.6]
2026-10-02 13:05:11 | INFO | Produced event to topic telemetry-events: key = No Key value = ["evt-00975", "TRK-010", "2026-10-01T10:02:29Z", 83.8]
2026-10-02 13:05:11 | INFO | Produced event to topic telemetry-events: key = No Key value = ["evt-00976", "TRK-001", "2026-10-01T10:02:39Z", 90.8]
2026-10-02 13:05:11 | INFO | Produced event to topic telemetry-events: key = No Key value = ["evt-00977", "TRK-008", "2026-10-01T10:02:46Z", 79.0]
2026-10-02 13:05:11 | INFO | Produced event to topic telemetry-events: key = No Key value = ["evt-00978", "TRK-013", "2026-10-01T10:02:49Z", 84.4]
2026-10-02 13:05:11 | INFO | Produced event to topic telemetry-events: key = No Key value = ["evt-00980", "TRK-008", "2026-10-01T10:02:53Z", 78.3]
2026-10-02 13:05:11 | INFO | Produced event to topic telemetry-events: key = No Key value = ["evt-00981", "TRK-017", "2026-10-01T10:02:59Z", 81.7]
2026-10-02 13:05:11 | INFO | Produced event to topic telemetry-events: key = No Key value = ["evt-00982", "TRK-005", "2026-10-01T10:03:02Z", 87.0]
2026-10-02 13:05:11 | INFO | Produced event to topic telemetry-events: key = No Key value = ["evt-00983", "TRK-017", "2026-10-01T10:03:13Z", 81.4]
2026-10-02 13:05:11 | INFO | Produced event to topic telemetry-events: key = No Key value = ["evt-00984", "TRK-017", "2026-10-01T10:03:22Z", 80.2]
2026-10-02 13:05:11 | INFO | Produced event to topic telemetry-events: key = No Key value = ["evt-00985", "TRK-014", "2026-10-01T10:03:25Z", 87.1]
2026-10-02 13:05:11 | INFO | Produced event to topic telemetry-events: key = No Key value = ["evt-00986", "TRK-001", "2026-10-01T10:03:35Z", 90.0]
2026-10-02 13:05:11 | INFO | Produced event to topic telemetry-events: key = No Key value = ["evt-00987", "TRK-008", "2026-10-01T10:03:36Z", 78.6]
2026-10-02 13:05:11 | INFO | Produced event to topic telemetry-events: key = No Key value = ["evt-00988", "TRK-009", "2026-10-01T10:03:44Z", 84.8]
2026-10-02 13:05:11 | INFO | Produced event to topic telemetry-events: key = No Key value = ["evt-00989", "TRK-014", "2026-10-01T10:03:57Z", 87.1]
2026-10-02 13:05:11 | INFO | Produced event to topic telemetry-events: key = No Key value = ["evt-00990", "TRK-010", "2026-10-01T10:04:06Z", 82.0]
2026-10-02 13:05:11 | INFO | Produced event to topic telemetry-events: key = No Key value = ["evt-00991", "TRK-008", "2026-10-01T10:04:16Z", 78.3]
2026-10-02 13:05:11 | INFO | Produced event to topic telemetry-events: key = No Key value = ["evt-00993", "TRK-012", "2026-10-01T10:04:26Z", 80.1]
2026-10-02 13:05:11 | INFO | Produced event to topic telemetry-events: key = No Key value = ["evt-00994", "TRK-018", "2026-10-01T10:04:30Z", 81.5]
2026-10-02 13:05:11 | INFO | Produced event to topic telemetry-events: key = No Key value = ["evt-00995", "TRK-004", "2026-10-01T10:04:37Z", 84.7]
2026-10-02 13:05:11 | INFO | Produced event to topic telemetry-events: key = No Key value = ["evt-00996", "TRK-002", "2026-10-01T10:04:51Z", 80.6]
2026-10-02 13:05:11 | INFO | Produced event to topic telemetry-events: key = No Key value = ["evt-00997", "TRK-020", "2026-10-01T10:04:52Z", 87.0]
2026-10-02 13:05:11 | INFO | Produced event to topic telemetry-events: key = No Key value = ["evt-00998", "TRK-020", "2026-10-01T10:04:58Z", 87.2]
2026-10-02 13:05:11 | INFO | Produced event to topic telemetry-events: key = No Key value = ["evt-00999", "TRK-014", "2026-10-01T10:05:02Z", 87.6]
2026-10-02 13:05:11 | INFO | Produced event to topic telemetry-events: key = No Key value = ["evt-01000", "TRK-005", "2026-10-01T10:05:08Z", 87.9]
2026-10-02 13:05:11 | INFO | Produced event to topic telemetry-events: key = No Key value = ["evt-01001", "TRK-016", "2026-10-01T10:05:20Z", 85.4]
2026-10-02 13:05:11 | INFO | Produced event to topic telemetry-events: key = No Key value = ["evt-01002", "TRK-003", "2026-10-01T10:05:26Z", 107.5]
2026-10-02 13:05:11 | INFO | Produced event to topic telemetry-events: key = No Key value = ["evt-01003", "TRK-008", "2026-10-01T10:05:28Z", 78.7]
2026-10-02 13:05:11 | INFO | Produced event to topic telemetry-events: key = No Key value = ["evt-01004", "TRK-011", "2026-10-01T10:05:41Z", 78.3]
2026-10-02 13:05:11 | INFO | Produced event to topic telemetry-events: key = No Key value = ["evt-01005", "TRK-013", "2026-10-01T10:05:46Z", 83.8]
2026-10-02 13:05:11 | INFO | Produced event to topic telemetry-events: key = No Key value = ["evt-01006", "TRK-005", "2026-10-01T10:05:55Z", 87.8]
2026-10-02 13:05:11 | INFO | Produced event to topic telemetry-events: key = No Key value = ["evt-01007", "TRK-002", "2026-10-01T10:05:56Z", 81.1]
2026-10-02 13:05:11 | INFO | Produced event to topic telemetry-events: key = No Key value = ["evt-01008", "TRK-012", "2026-10-01T10:06:08Z", 81.0]
2026-10-02 13:05:11 | INFO | Produced event to topic telemetry-events: key = No Key value = ["evt-01009", "TRK-013", "2026-10-01T10:06:19Z", 84.0]
2026-10-02 13:05:11 | INFO | Produced event to topic telemetry-events: key = No Key value = ["evt-01010", "TRK-009", "2026-10-01T10:06:26Z", 85.8]
2026-10-02 13:05:11 | INFO | Produced event to topic telemetry-events: key = No Key value = ["evt-01011", "TRK-015", "2026-10-01T10:06:28Z", 106.8]
2026-10-02 13:05:11 | INFO | Produced event to topic telemetry-events: key = No Key value = ["evt-01012", "TRK-001", "2026-10-01T10:06:37Z", 91.1]
2026-10-02 13:05:11 | INFO | Produced event to topic telemetry-events: key = No Key value = ["evt-01013", "TRK-010", "2026-10-01T10:06:42Z", 81.8]
2026-10-02 13:05:11 | INFO | Produced event to topic telemetry-events: key = No Key value = ["evt-01014", "TRK-016", "2026-10-01T10:06:50Z", 85.5]
2026-10-02 13:05:11 | INFO | Produced event to topic telemetry-events: key = No Key value = ["evt-01015", "TRK-017", "2026-10-01T10:06:51Z", 79.5]
2026-10-02 13:05:11 | INFO | Produced event to topic telemetry-events: key = No Key value = ["evt-01016", "TRK-016", "2026-10-01T10:07:05Z", 85.6]
2026-10-02 13:05:11 | INFO | Produced event to topic telemetry-events: key = No Key value = ["evt-01017", "TRK-003", "2026-10-01T10:07:19Z", 107.9]
2026-10-02 13:05:11 | INFO | Produced event to topic telemetry-events: key = No Key value = ["evt-01018", "TRK-013", "2026-10-01T10:07:20Z", 83.9]
2026-10-02 13:05:11 | INFO | Produced event to topic telemetry-events: key = No Key value = ["evt-01019", "TRK-003", "2026-10-01T10:07:32Z", 102.7]
2026-10-02 13:05:11 | INFO | Produced event to topic telemetry-events: key = No Key value = ["evt-01020", "TRK-020", "2026-10-01T10:07:38Z", 88.4]
2026-10-02 13:05:11 | INFO | Produced event to topic telemetry-events: key = No Key value = ["evt-01021", "TRK-018", "2026-10-01T10:07:40Z", 81.8]
2026-10-02 13:05:11 | INFO | Produced event to topic telemetry-events: key = No Key value = ["evt-01022", "TRK-007", "2026-10-01T10:07:52Z", 103.4]
2026-10-02 13:05:11 | INFO | Produced event to topic telemetry-events: key = No Key value = ["evt-01023", "TRK-011", "2026-10-01T10:08:04Z", 78.9]
2026-10-02 13:05:11 | INFO | Produced event to topic telemetry-events: key = No Key value = ["evt-01024", "TRK-003", "2026-10-01T10:08:14Z", 111.5]
2026-10-02 13:05:11 | INFO | Produced event to topic telemetry-events: key = No Key value = ["evt-01025", "TRK-017", "2026-10-01T10:08:21Z", 79.2]
2026-10-02 13:05:11 | INFO | Produced event to topic telemetry-events: key = No Key value = ["evt-01026", "TRK-013", "2026-10-01T10:08:27Z", 83.7]
2026-10-02 13:05:11 | INFO | Produced event to topic telemetry-events: key = No Key value = ["evt-01027", "TRK-014", "2026-10-01T10:08:32Z", 87.5]
2026-10-02 13:05:11 | INFO | Produced event to topic telemetry-events: key = No Key value = ["evt-01028", "TRK-016", "2026-10-01T10:08:44Z", 85.2]
2026-10-02 13:05:11 | INFO | Produced event to topic telemetry-events: key = No Key value = ["evt-01029", "TRK-004", "2026-10-01T10:08:57Z", 84.7]
2026-10-02 13:05:11 | INFO | Produced event to topic telemetry-events: key = No Key value = ["evt-01030", "TRK-003", "2026-10-01T10:09:03Z", 105.4]
2026-10-02 13:05:11 | INFO | Produced event to topic telemetry-events: key = No Key value = ["evt-01031", "TRK-009", "2026-10-01T10:09:10Z", 86.0]
2026-10-02 13:05:11 | INFO | Produced event to topic telemetry-events: key = No Key value = ["evt-01032", "TRK-019", "2026-10-01T10:09:17Z", 84.8]
2026-10-02 13:05:11 | INFO | Produced event to topic telemetry-events: key = No Key value = ["evt-01033", "TRK-016", "2026-10-01T10:09:20Z", 85.0]
2026-10-02 13:05:11 | INFO | Produced event to topic telemetry-events: key = No Key value = ["evt-01034", "TRK-007", "2026-10-01T10:09:32Z", 106.3]
2026-10-02 13:05:11 | INFO | Produced event to topic telemetry-events: key = No Key value = ["evt-01035", "TRK-005", "2026-10-01T10:09:46Z", 88.5]
2026-10-02 13:05:11 | INFO | Produced event to topic telemetry-events: key = No Key value = ["evt-01036", "TRK-004", "2026-10-01T10:09:59Z", 84.8]
2026-10-02 13:05:11 | INFO | Produced event to topic telemetry-events: key = No Key value = ["evt-01037", "TRK-010", "2026-10-01T10:10:01Z", 82.0]
2026-10-02 13:05:11 | INFO | Produced event to topic telemetry-events: key = No Key value = ["evt-01038", "TRK-010", "2026-10-01T10:10:05Z", 81.1]
2026-10-02 13:05:11 | INFO | Produced event to topic telemetry-events: key = No Key value = ["evt-01039", "TRK-003", "2026-10-01T10:10:15Z", 109.5]
2026-10-02 13:05:11 | INFO | Produced event to topic telemetry-events: key = No Key value = ["evt-01040", "TRK-006", "2026-10-01T10:10:18Z", 89.6]
2026-10-02 13:05:11 | INFO | Produced event to topic telemetry-events: key = No Key value = ["evt-01041", "TRK-020", "2026-10-01T10:10:24Z", 88.0]
2026-10-02 13:05:11 | INFO | Produced event to topic telemetry-events: key = No Key value = ["evt-01042", "TRK-003", "2026-10-01T10:10:33Z", 108.7]
2026-10-02 13:05:11 | INFO | Produced event to topic telemetry-events: key = No Key value = ["evt-01043", "TRK-001", "2026-10-01T10:10:35Z", 91.4]
2026-10-02 13:05:11 | INFO | Produced event to topic telemetry-events: key = No Key value = ["evt-01044", "TRK-015", "2026-10-01T10:10:39Z", 109.3]
2026-10-02 13:05:11 | INFO | Produced event to topic telemetry-events: key = No Key value = ["evt-01045", "TRK-002", "2026-10-01T10:10:52Z", 80.1]
2026-10-02 13:05:11 | INFO | Produced event to topic telemetry-events: key = No Key value = ["evt-01046", "TRK-010", "2026-10-01T10:11:01Z", 82.3]
2026-10-02 13:05:11 | INFO | Produced event to topic telemetry-events: key = No Key value = ["evt-01047", "TRK-009", "2026-10-01T10:11:10Z", 86.6]
2026-10-02 13:05:11 | INFO | Produced event to topic telemetry-events: key = No Key value = ["evt-01048", "TRK-003", "2026-10-01T10:11:21Z", 103.9]
2026-10-02 13:05:11 | INFO | Produced event to topic telemetry-events: key = No Key value = ["evt-01049", "TRK-013", "2026-10-01T10:11:28Z", 83.5]
2026-10-02 13:05:11 | INFO | Produced event to topic telemetry-events: key = No Key value = ["evt-01050", "TRK-012", "2026-10-01T10:11:37Z", 80.7]
2026-10-02 13:05:11 | INFO | Produced event to topic telemetry-events: key = No Key value = ["evt-01051", "TRK-011", "2026-10-01T10:11:38Z", 78.5]
2026-10-02 13:05:11 | INFO | Produced event to topic telemetry-events: key = No Key value = ["evt-01052", "TRK-010", "2026-10-01T10:11:50Z", 82.9]
2026-10-02 13:05:11 | INFO | Produced event to topic telemetry-events: key = No Key value = ["evt-01053", "TRK-004", "2026-10-01T10:11:57Z", 86.3]
2026-10-02 13:05:11 | INFO | Produced event to topic telemetry-events: key = No Key value = ["evt-01054", "TRK-015", "2026-10-01T10:12:04Z", 110.1]
2026-10-02 13:05:11 | INFO | Produced event to topic telemetry-events: key = No Key value = ["evt-01055", "TRK-012", "2026-10-01T10:12:17Z", 80.9]
2026-10-02 13:05:11 | INFO | Produced event to topic telemetry-events: key = No Key value = ["evt-01056", "TRK-004", "2026-10-01T10:12:22Z", 86.6]
2026-10-02 13:05:11 | INFO | Produced event to topic telemetry-events: key = No Key value = ["evt-01057", "TRK-016", "2026-10-01T10:12:26Z", 83.8]
2026-10-02 13:05:11 | INFO | Produced event to topic telemetry-events: key = No Key value = ["evt-01058", "TRK-016", "2026-10-01T10:12:40Z", 83.5]
2026-10-02 13:05:11 | INFO | Produced event to topic telemetry-events: key = No Key value = ["evt-01059", "TRK-013", "2026-10-01T10:12:44Z", 81.7]
2026-10-02 13:05:11 | INFO | Produced event to topic telemetry-events: key = No Key value = ["evt-01060", "TRK-004", "2026-10-01T10:12:58Z", 86.3]
2026-10-02 13:05:11 | INFO | Produced event to topic telemetry-events: key = No Key value = ["evt-01061", "TRK-013", "2026-10-01T10:13:08Z", 81.3]
2026-10-02 13:05:11 | INFO | Produced event to topic telemetry-events: key = No Key value = ["evt-01062", "TRK-020", "2026-10-01T10:13:17Z", 87.4]
2026-10-02 13:05:11 | INFO | Produced event to topic telemetry-events: key = No Key value = ["evt-01063", "TRK-004", "2026-10-01T10:13:19Z", 87.4]
2026-10-02 13:05:11 | INFO | Produced event to topic telemetry-events: key = No Key value = ["evt-01064", "TRK-004", "2026-10-01T10:13:33Z", 86.8]
2026-10-02 13:05:11 | INFO | Produced event to topic telemetry-events: key = No Key value = ["evt-01065", "TRK-002", "2026-10-01T10:13:46Z", 79.3]
2026-10-02 13:05:11 | INFO | Produced event to topic telemetry-events: key = No Key value = ["evt-01066", "TRK-009", "2026-10-01T10:13:53Z", 85.9]
2026-10-02 13:05:11 | INFO | Produced event to topic telemetry-events: key = No Key value = ["evt-01067", "TRK-006", "2026-10-01T10:13:59Z", 89.7]
2026-10-02 13:05:11 | INFO | Produced event to topic telemetry-events: key = No Key value = ["evt-01068", "TRK-004", "2026-10-01T10:14:01Z", 87.1]
2026-10-02 13:05:11 | INFO | Produced event to topic telemetry-events: key = No Key value = ["evt-01069", "TRK-020", "2026-10-01T10:14:08Z", 86.9]
2026-10-02 13:05:11 | INFO | Produced event to topic telemetry-events: key = No Key value = ["evt-01071", "TRK-007", "2026-10-01T10:14:14Z", 111.1]
2026-10-02 13:05:11 | INFO | Produced event to topic telemetry-events: key = No Key value = ["evt-01072", "TRK-002", "2026-10-01T10:14:25Z", 80.4]
2026-10-02 13:05:11 | INFO | Produced event to topic telemetry-events: key = No Key value = ["evt-01073", "TRK-002", "2026-10-01T10:14:27Z", 80.8]
2026-10-02 13:05:11 | INFO | Produced event to topic telemetry-events: key = No Key value = ["evt-01074", "TRK-014", "2026-10-01T10:14:34Z", 86.4]
2026-10-02 13:05:11 | INFO | Produced event to topic telemetry-events: key = No Key value = ["evt-01075", "TRK-011", "2026-10-01T10:14:42Z", 78.7]
2026-10-02 13:05:11 | INFO | Produced event to topic telemetry-events: key = No Key value = ["evt-01076", "TRK-015", "2026-10-01T10:14:44Z", 107.9]
2026-10-02 13:05:11 | INFO | Produced event to topic telemetry-events: key = No Key value = ["evt-01077", "TRK-011", "2026-10-01T10:14:56Z", 79.0]
2026-10-02 13:05:11 | INFO | Produced event to topic telemetry-events: key = No Key value = ["evt-01078", "TRK-007", "2026-10-01T10:14:58Z", 107.8]
2026-10-02 13:05:11 | INFO | Produced event to topic telemetry-events: key = No Key value = ["evt-01079", "TRK-019", "2026-10-01T10:15:08Z", 84.5]
2026-10-02 13:05:11 | INFO | Produced event to topic telemetry-events: key = No Key value = ["evt-01080", "TRK-003", "2026-10-01T10:15:20Z", 105.0]
2026-10-02 13:05:11 | INFO | Produced event to topic telemetry-events: key = No Key value = ["evt-01081", "TRK-002", "2026-10-01T10:15:21Z", 81.3]
2026-10-02 13:05:11 | INFO | Produced event to topic telemetry-events: key = No Key value = ["evt-01082", "TRK-006", "2026-10-01T10:15:33Z", 90.8]
2026-10-02 13:05:11 | INFO | Produced event to topic telemetry-events: key = No Key value = ["evt-01083", "TRK-010", "2026-10-01T10:15:45Z", 82.8]
2026-10-02 13:05:11 | INFO | Produced event to topic telemetry-events: key = No Key value = ["evt-01084", "TRK-010", "2026-10-01T10:15:50Z", 83.0]
2026-10-02 13:05:11 | INFO | Produced event to topic telemetry-events: key = No Key value = ["evt-01085", "TRK-013", "2026-10-01T10:15:56Z", 81.6]
2026-10-02 13:05:11 | INFO | Produced event to topic telemetry-events: key = No Key value = ["evt-01086", "TRK-016", "2026-10-01T10:15:58Z", 83.0]
2026-10-02 13:05:11 | INFO | Produced event to topic telemetry-events: key = No Key value = ["evt-01088", "TRK-002", "2026-10-01T10:16:14Z", 79.8]
2026-10-02 13:05:11 | INFO | Produced event to topic telemetry-events: key = No Key value = ["evt-01089", "TRK-002", "2026-10-01T10:16:15Z", 80.5]
2026-10-02 13:05:11 | INFO | Produced event to topic telemetry-events: key = No Key value = ["evt-01090", "TRK-002", "2026-10-01T10:16:24Z", 81.1]
2026-10-02 13:05:11 | INFO | Produced event to topic telemetry-events: key = No Key value = ["evt-01091", "TRK-015", "2026-10-01T10:16:36Z", 104.9]
2026-10-02 13:05:11 | INFO | Produced event to topic telemetry-events: key = No Key value = ["evt-01092", "TRK-014", "2026-10-01T10:16:50Z", 86.6]
2026-10-02 13:05:11 | INFO | Produced event to topic telemetry-events: key = No Key value = ["evt-01093", "TRK-014", "2026-10-01T10:16:52Z", 86.5]
2026-10-02 13:05:11 | INFO | Produced event to topic telemetry-events: key = No Key value = ["evt-01094", "TRK-004", "2026-10-01T10:17:05Z", 87.5]
2026-10-02 13:05:11 | INFO | Produced event to topic telemetry-events: key = No Key value = ["evt-01095", "TRK-014", "2026-10-01T10:17:18Z", 86.5]
2026-10-02 13:05:11 | INFO | Produced event to topic telemetry-events: key = No Key value = ["evt-01096", "TRK-004", "2026-10-01T10:17:22Z", 87.6]
2026-10-02 13:05:11 | INFO | Produced event to topic telemetry-events: key = No Key value = ["evt-01097", "TRK-003", "2026-10-01T10:17:29Z", 110.3]
2026-10-02 13:05:11 | INFO | Produced event to topic telemetry-events: key = No Key value = ["evt-01098", "TRK-014", "2026-10-01T10:17:35Z", 85.9]
2026-10-02 13:05:11 | INFO | Produced event to topic telemetry-events: key = No Key value = ["evt-01099", "TRK-017", "2026-10-01T10:17:48Z", 79.3]
2026-10-02 13:05:11 | INFO | Produced event to topic telemetry-events: key = No Key value = ["evt-01100", "TRK-015", "2026-10-01T10:18:00Z", 111.0]
2026-10-02 13:05:11 | INFO | Produced event to topic telemetry-events: key = No Key value = ["evt-01101", "TRK-020", "2026-10-01T10:18:07Z", 87.5]
2026-10-02 13:05:11 | INFO | Produced event to topic telemetry-events: key = No Key value = ["evt-01102", "TRK-001", "2026-10-01T10:18:12Z", 91.8]
2026-10-02 13:05:11 | INFO | Produced event to topic telemetry-events: key = No Key value = ["evt-01103", "TRK-017", "2026-10-01T10:18:24Z", 80.0]
2026-10-02 13:05:11 | INFO | Produced event to topic telemetry-events: key = No Key value = ["evt-01104", "TRK-003", "2026-10-01T10:18:29Z", 86.0]
2026-10-02 13:05:11 | INFO | Produced event to topic telemetry-events: key = No Key value = ["evt-01105", "TRK-006", "2026-10-01T10:18:38Z", 91.7]
2026-10-02 13:05:11 | INFO | Produced event to topic telemetry-events: key = No Key value = ["evt-01106", "TRK-008", "2026-10-01T10:18:45Z", 78.1]
2026-10-02 13:05:11 | INFO | Produced event to topic telemetry-events: key = No Key value = ["evt-01107", "TRK-012", "2026-10-01T10:18:52Z", 81.7]
2026-10-02 13:05:11 | INFO | Produced event to topic telemetry-events: key = No Key value = ["evt-01108", "TRK-016", "2026-10-01T10:18:55Z", 83.2]
2026-10-02 13:05:11 | INFO | Produced event to topic telemetry-events: key = No Key value = ["evt-01109", "TRK-003", "2026-10-01T10:18:56Z", 85.8]
2026-10-02 13:05:11 | INFO | Produced event to topic telemetry-events: key = No Key value = ["evt-01110", "TRK-002", "2026-10-01T10:19:09Z", 79.9]
2026-10-02 13:05:11 | INFO | Produced event to topic telemetry-events: key = No Key value = ["evt-01111", "TRK-008", "2026-10-01T10:19:22Z", 78.0]
2026-10-02 13:05:11 | INFO | Produced event to topic telemetry-events: key = No Key value = ["evt-01112", "TRK-005", "2026-10-01T10:19:33Z", 89.4]
2026-10-02 13:05:11 | INFO | Produced event to topic telemetry-events: key = No Key value = ["evt-01113", "TRK-020", "2026-10-01T10:19:46Z", 87.9]
2026-10-02 13:05:11 | INFO | Produced event to topic telemetry-events: key = No Key value = ["evt-01114", "TRK-019", "2026-10-01T10:19:52Z", 84.1]
2026-10-02 13:05:11 | INFO | Produced event to topic telemetry-events: key = No Key value = ["evt-01115", "TRK-011", "2026-10-01T10:20:05Z", 79.7]
2026-10-02 13:05:11 | INFO | Produced event to topic telemetry-events: key = No Key value = ["evt-01116", "TRK-015", "2026-10-01T10:20:10Z", 87.0]
2026-10-02 13:05:11 | INFO | Produced event to topic telemetry-events: key = No Key value = ["evt-01117", "TRK-011", "2026-10-01T10:20:13Z", 79.8]
2026-10-02 13:05:11 | INFO | Produced event to topic telemetry-events: key = No Key value = ["evt-01118", "TRK-019", "2026-10-01T10:20:23Z", 83.2]
2026-10-02 13:05:11 | INFO | Produced event to topic telemetry-events: key = No Key value = ["evt-01119", "TRK-013", "2026-10-01T10:20:35Z", 82.0]
2026-10-02 13:05:11 | INFO | Produced event to topic telemetry-events: key = No Key value = ["evt-01120", "TRK-019", "2026-10-01T10:20:47Z", 84.0]
2026-10-02 13:05:11 | INFO | Produced event to topic telemetry-events: key = No Key value = ["evt-01121", "TRK-014", "2026-10-01T10:20:58Z", 86.5]
2026-10-02 13:05:11 | INFO | Produced event to topic telemetry-events: key = No Key value = ["evt-01122", "TRK-011", "2026-10-01T10:21:01Z", 80.1]
2026-10-02 13:05:11 | INFO | Produced event to topic telemetry-events: key = No Key value = ["evt-01123", "TRK-014", "2026-10-01T10:21:05Z", 87.1]
2026-10-02 13:05:11 | INFO | Produced event to topic telemetry-events: key = No Key value = ["evt-01124", "TRK-008", "2026-10-01T10:21:13Z", 78.0]
2026-10-02 13:05:11 | INFO | Produced event to topic telemetry-events: key = No Key value = ["evt-01125", "TRK-015", "2026-10-01T10:21:21Z", 86.6]
2026-10-02 13:05:11 | INFO | Produced event to topic telemetry-events: key = No Key value = ["evt-01126", "TRK-005", "2026-10-01T10:21:35Z", 90.1]
2026-10-02 13:05:11 | INFO | Produced event to topic telemetry-events: key = No Key value = ["evt-01127", "TRK-016", "2026-10-01T10:21:44Z", 83.6]
2026-10-02 13:05:11 | INFO | Produced event to topic telemetry-events: key = No Key value = ["evt-01128", "TRK-011", "2026-10-01T10:21:56Z", 80.2]
2026-10-02 13:05:11 | INFO | Produced event to topic telemetry-events: key = No Key value = ["evt-01129", "TRK-013", "2026-10-01T10:22:03Z", 82.4]
2026-10-02 13:05:11 | INFO | Produced event to topic telemetry-events: key = No Key value = ["evt-01130", "TRK-019", "2026-10-01T10:22:04Z", 82.9]
2026-10-02 13:05:11 | INFO | Produced event to topic telemetry-events: key = No Key value = ["evt-01131", "TRK-014", "2026-10-01T10:22:07Z", 85.8]
2026-10-02 13:05:11 | INFO | Produced event to topic telemetry-events: key = No Key value = ["evt-01132", "TRK-015", "2026-10-01T10:22:21Z", 86.2]
2026-10-02 13:05:11 | INFO | Produced event to topic telemetry-events: key = No Key value = ["evt-01133", "TRK-019", "2026-10-01T10:22:27Z", 83.8]
2026-10-02 13:05:11 | INFO | Produced event to topic telemetry-events: key = No Key value = ["evt-01134", "TRK-020", "2026-10-01T10:22:37Z", 87.3]
2026-10-02 13:05:11 | INFO | Produced event to topic telemetry-events: key = No Key value = ["evt-01135", "TRK-010", "2026-10-01T10:22:44Z", 83.3]
2026-10-02 13:05:11 | INFO | Produced event to topic telemetry-events: key = No Key value = ["evt-01136", "TRK-010", "2026-10-01T10:22:53Z", 83.3]
2026-10-02 13:05:11 | INFO | Produced event to topic telemetry-events: key = No Key value = ["evt-01137", "TRK-018", "2026-10-01T10:22:59Z", 81.6]
2026-10-02 13:05:11 | INFO | Produced event to topic telemetry-events: key = No Key value = ["evt-01138", "TRK-002", "2026-10-01T10:23:03Z", 80.3]
2026-10-02 13:05:11 | INFO | Produced event to topic telemetry-events: key = No Key value = ["evt-01139", "TRK-011", "2026-10-01T10:23:09Z", 80.3]
2026-10-02 13:05:11 | INFO | Produced event to topic telemetry-events: key = No Key value = ["evt-01140", "TRK-009", "2026-10-01T10:23:22Z", 85.5]
2026-10-02 13:05:11 | INFO | Produced event to topic telemetry-events: key = No Key value = ["evt-01141", "TRK-019", "2026-10-01T10:23:26Z", 83.4]
2026-10-02 13:05:11 | INFO | Produced event to topic telemetry-events: key = No Key value = ["evt-01142", "TRK-014", "2026-10-01T10:23:35Z", 85.9]
2026-10-02 13:05:11 | INFO | Produced event to topic telemetry-events: key = No Key value = ["evt-01143", "TRK-016", "2026-10-01T10:23:38Z", 83.5]
2026-10-02 13:05:11 | INFO | Produced event to topic telemetry-events: key = No Key value = ["evt-01144", "TRK-017", "2026-10-01T10:23:45Z", 79.3]
2026-10-02 13:05:11 | INFO | Produced event to topic telemetry-events: key = No Key value = ["evt-01145", "TRK-016", "2026-10-01T10:23:52Z", 82.6]
2026-10-02 13:05:11 | INFO | Produced event to topic telemetry-events: key = No Key value = ["evt-01146", "TRK-002", "2026-10-01T10:24:04Z", 80.3]
2026-10-02 13:05:11 | INFO | Produced event to topic telemetry-events: key = No Key value = ["evt-01147", "TRK-004", "2026-10-01T10:24:06Z", 87.0]
2026-10-02 13:05:11 | INFO | Produced event to topic telemetry-events: key = No Key value = ["evt-01148", "TRK-013", "2026-10-01T10:24:12Z", 82.0]
2026-10-02 13:05:11 | INFO | Produced event to topic telemetry-events: key = No Key value = ["evt-01149", "TRK-008", "2026-10-01T10:24:20Z", 78.3]
2026-10-02 13:05:11 | INFO | Produced event to topic telemetry-events: key = No Key value = ["evt-01150", "TRK-005", "2026-10-01T10:24:34Z", 88.5]
2026-10-02 13:05:11 | INFO | Produced event to topic telemetry-events: key = No Key value = ["evt-01151", "TRK-001", "2026-10-01T10:24:44Z", 91.4]
2026-10-02 13:05:11 | INFO | Produced event to topic telemetry-events: key = No Key value = ["evt-01152", "TRK-020", "2026-10-01T10:24:51Z", 87.0]
2026-10-02 13:05:11 | INFO | Produced event to topic telemetry-events: key = No Key value = ["evt-01153", "TRK-018", "2026-10-01T10:24:54Z", 81.5]
2026-10-02 13:05:11 | INFO | Produced event to topic telemetry-events: key = No Key value = ["evt-01154", "TRK-001", "2026-10-01T10:25:06Z", 90.6]
2026-10-02 13:05:11 | INFO | Produced event to topic telemetry-events: key = No Key value = ["evt-01155", "TRK-011", "2026-10-01T10:25:10Z", 79.9]
2026-10-02 13:05:11 | INFO | Produced event to topic telemetry-events: key = No Key value = ["evt-01156", "TRK-002", "2026-10-01T10:25:22Z", 79.8]
2026-10-02 13:05:11 | INFO | Produced event to topic telemetry-events: key = No Key value = ["evt-01157", "TRK-010", "2026-10-01T10:25:31Z", 83.2]
2026-10-02 13:05:11 | INFO | Produced event to topic telemetry-events: key = No Key value = ["evt-01158", "TRK-014", "2026-10-01T10:25:38Z", 85.9]
2026-10-02 13:05:11 | INFO | Produced event to topic telemetry-events: key = No Key value = ["evt-01159", "TRK-019", "2026-10-01T10:25:45Z", 83.1]
2026-10-02 13:05:11 | INFO | Produced event to topic telemetry-events: key = No Key value = ["evt-01160", "TRK-005", "2026-10-01T10:25:52Z", 88.5]
2026-10-02 13:05:11 | INFO | Produced event to topic telemetry-events: key = No Key value = ["evt-01161", "TRK-010", "2026-10-01T10:26:03Z", 82.8]
2026-10-02 13:05:11 | INFO | Produced event to topic telemetry-events: key = No Key value = ["evt-01162", "TRK-015", "2026-10-01T10:26:06Z", 86.3]
2026-10-02 13:05:11 | INFO | Produced event to topic telemetry-events: key = No Key value = ["evt-01163", "TRK-015", "2026-10-01T10:26:09Z", 86.2]
2026-10-02 13:05:11 | INFO | Produced event to topic telemetry-events: key = No Key value = ["evt-01164", "TRK-019", "2026-10-01T10:26:12Z", 82.8]
2026-10-02 13:05:11 | INFO | Produced event to topic telemetry-events: key = No Key value = ["evt-01165", "TRK-020", "2026-10-01T10:26:16Z", 87.7]
2026-10-02 13:05:11 | INFO | Produced event to topic telemetry-events: key = No Key value = ["evt-01166", "TRK-009", "2026-10-01T10:26:28Z", 87.1]
2026-10-02 13:05:11 | INFO | Produced event to topic telemetry-events: key = No Key value = ["evt-01167", "TRK-007", "2026-10-01T10:26:35Z", 85.0]
2026-10-02 13:05:11 | INFO | Produced event to topic telemetry-events: key = No Key value = ["evt-01168", "TRK-011", "2026-10-01T10:26:49Z", 80.3]
2026-10-02 13:05:11 | INFO | Produced event to topic telemetry-events: key = No Key value = ["evt-01169", "TRK-017", "2026-10-01T10:26:58Z", 79.7]
2026-10-02 13:05:11 | INFO | Produced event to topic telemetry-events: key = No Key value = ["evt-01170", "TRK-004", "2026-10-01T10:27:07Z", 87.5]
2026-10-02 13:05:11 | INFO | Produced event to topic telemetry-events: key = No Key value = ["evt-01171", "TRK-006", "2026-10-01T10:27:12Z", 92.0]
2026-10-02 13:05:11 | INFO | Produced event to topic telemetry-events: key = No Key value = ["evt-01172", "TRK-019", "2026-10-01T10:27:20Z", 81.5]
2026-10-02 13:05:11 | INFO | Produced event to topic telemetry-events: key = No Key value = ["evt-01173", "TRK-015", "2026-10-01T10:27:29Z", 86.0]
2026-10-02 13:05:11 | INFO | Produced event to topic telemetry-events: key = No Key value = ["evt-01174", "TRK-014", "2026-10-01T10:27:38Z", 85.8]
2026-10-02 13:05:11 | INFO | Produced event to topic telemetry-events: key = No Key value = ["evt-01175", "TRK-003", "2026-10-01T10:27:48Z", 86.8]
2026-10-02 13:05:11 | INFO | Produced event to topic telemetry-events: key = No Key value = ["evt-01176", "TRK-013", "2026-10-01T10:28:01Z", 82.4]
2026-10-02 13:05:11 | INFO | Produced event to topic telemetry-events: key = No Key value = ["evt-01177", "TRK-020", "2026-10-01T10:28:07Z", 86.9]
2026-10-02 13:05:11 | INFO | Produced event to topic telemetry-events: key = No Key value = ["evt-01178", "TRK-013", "2026-10-01T10:28:09Z", 82.8]
2026-10-02 13:05:11 | INFO | Produced event to topic telemetry-events: key = No Key value = ["evt-01179", "TRK-012", "2026-10-01T10:28:22Z", 81.2]
2026-10-02 13:05:11 | INFO | Produced event to topic telemetry-events: key = No Key value = ["evt-01180", "TRK-003", "2026-10-01T10:28:29Z", 86.0]
2026-10-02 13:05:11 | INFO | Produced event to topic telemetry-events: key = No Key value = ["evt-01181", "TRK-014", "2026-10-01T10:28:43Z", 85.5]
2026-10-02 13:05:11 | INFO | Produced event to topic telemetry-events: key = No Key value = ["evt-01182", "TRK-019", "2026-10-01T10:28:54Z", 81.9]
2026-10-02 13:05:11 | INFO | Produced event to topic telemetry-events: key = No Key value = ["evt-01183", "TRK-019", "2026-10-01T10:28:56Z", 81.5]
2026-10-02 13:05:11 | INFO | Produced event to topic telemetry-events: key = No Key value = ["evt-01184", "TRK-001", "2026-10-01T10:28:59Z", 91.1]
2026-10-02 13:05:11 | INFO | Produced event to topic telemetry-events: key = No Key value = ["evt-01185", "TRK-020", "2026-10-01T10:29:12Z", 87.1]
2026-10-02 13:05:11 | INFO | Produced event to topic telemetry-events: key = No Key value = ["evt-01186", "TRK-006", "2026-10-01T10:29:25Z", 92.0]
2026-10-02 13:05:11 | INFO | Produced event to topic telemetry-events: key = No Key value = ["evt-01187", "TRK-016", "2026-10-01T10:29:37Z", 82.0]
2026-10-02 13:05:11 | INFO | Produced event to topic telemetry-events: key = No Key value = ["evt-01188", "TRK-012", "2026-10-01T10:29:44Z", 82.1]
2026-10-02 13:05:11 | INFO | Produced event to topic telemetry-events: key = No Key value = ["evt-01189", "TRK-008", "2026-10-01T10:29:49Z", 79.1]
2026-10-02 13:05:11 | INFO | Produced event to topic telemetry-events: key = No Key value = ["evt-01190", "TRK-013", "2026-10-01T10:30:00Z", 82.1]
2026-10-02 13:05:11 | INFO | Produced event to topic telemetry-events: key = No Key value = ["evt-01191", "TRK-015", "2026-10-01T10:30:01Z", 85.3]
2026-10-02 13:05:11 | INFO | Produced event to topic telemetry-events: key = No Key value = ["evt-01192", "TRK-012", "2026-10-01T10:30:03Z", 82.5]
2026-10-02 13:05:11 | INFO | Produced event to topic telemetry-events: key = No Key value = ["evt-01193", "TRK-015", "2026-10-01T10:30:11Z", 85.2]
2026-10-02 13:05:11 | INFO | Produced event to topic telemetry-events: key = No Key value = ["evt-01194", "TRK-006", "2026-10-01T10:30:22Z", 91.0]
2026-10-02 13:05:11 | INFO | Produced event to topic telemetry-events: key = No Key value = ["evt-01195", "TRK-013", "2026-10-01T10:30:31Z", 82.4]
2026-10-02 13:05:11 | INFO | Produced event to topic telemetry-events: key = No Key value = ["evt-01196", "TRK-013", "2026-10-01T10:30:32Z", 82.9]
2026-10-02 13:05:11 | INFO | Produced event to topic telemetry-events: key = No Key value = ["evt-01197", "TRK-005", "2026-10-01T10:30:38Z", 89.6]
2026-10-02 13:05:11 | INFO | Produced event to topic telemetry-events: key = No Key value = ["evt-01198", "TRK-018", "2026-10-01T10:30:47Z", 80.6]
2026-10-02 13:05:11 | INFO | Produced event to topic telemetry-events: key = No Key value = ["evt-01199", "TRK-006", "2026-10-01T10:30:53Z", 91.0]
2026-10-02 13:05:11 | INFO | Produced event to topic telemetry-events: key = No Key value = ["evt-01200", "TRK-003", "2026-10-01T10:30:54Z", 85.8]
2026-10-02 13:05:11 | INFO | Produced event to topic telemetry-events: key = No Key value = ["evt-01201", "TRK-018", "2026-10-01T10:30:55Z", 80.0]
2026-10-02 13:05:11 | INFO | Produced event to topic telemetry-events: key = No Key value = ["evt-01202", "TRK-001", "2026-10-01T10:30:59Z", 90.9]
2026-10-02 13:05:11 | INFO | Produced event to topic telemetry-events: key = No Key value = ["evt-01203", "TRK-017", "2026-10-01T10:31:11Z", 79.8]
2026-10-02 13:05:11 | INFO | Produced event to topic telemetry-events: key = No Key value = ["evt-01204", "TRK-019", "2026-10-01T10:31:18Z", 80.9]
2026-10-02 13:05:11 | INFO | Produced event to topic telemetry-events: key = No Key value = ["evt-01205", "TRK-016", "2026-10-01T10:31:24Z", 82.1]
2026-10-02 13:05:11 | INFO | Produced event to topic telemetry-events: key = No Key value = ["evt-01206", "TRK-002", "2026-10-01T10:31:36Z", 80.3]
2026-10-02 13:05:11 | INFO | Produced event to topic telemetry-events: key = No Key value = ["evt-01207", "TRK-018", "2026-10-01T10:31:38Z", 81.2]
2026-10-02 13:05:11 | INFO | Produced event to topic telemetry-events: key = No Key value = ["evt-01208", "TRK-006", "2026-10-01T10:31:47Z", 90.2]
2026-10-02 13:05:11 | INFO | Produced event to topic telemetry-events: key = No Key value = ["evt-01209", "TRK-007", "2026-10-01T10:31:57Z", 85.5]
2026-10-02 13:05:11 | INFO | Produced event to topic telemetry-events: key = No Key value = ["evt-01210", "TRK-020", "2026-10-01T10:32:10Z", 87.7]
2026-10-02 13:05:11 | INFO | Produced event to topic telemetry-events: key = No Key value = ["evt-01211", "TRK-015", "2026-10-01T10:32:14Z", 86.0]
2026-10-02 13:05:11 | INFO | Produced event to topic telemetry-events: key = No Key value = ["evt-01213", "TRK-003", "2026-10-01T10:32:24Z", 85.7]
2026-10-02 13:05:11 | INFO | Produced event to topic telemetry-events: key = No Key value = ["evt-01214", "TRK-018", "2026-10-01T10:32:26Z", 81.8]
2026-10-02 13:05:11 | INFO | Produced event to topic telemetry-events: key = No Key value = ["evt-01215", "TRK-004", "2026-10-01T10:32:36Z", 87.7]
2026-10-02 13:05:11 | INFO | Produced event to topic telemetry-events: key = No Key value = ["evt-01216", "TRK-003", "2026-10-01T10:32:50Z", 86.1]
2026-10-02 13:05:11 | INFO | Produced event to topic telemetry-events: key = No Key value = ["evt-01217", "TRK-011", "2026-10-01T10:32:53Z", 80.0]
2026-10-02 13:05:11 | INFO | Produced event to topic telemetry-events: key = No Key value = ["evt-01218", "TRK-009", "2026-10-01T10:32:57Z", 86.3]
2026-10-02 13:05:11 | INFO | Produced event to topic telemetry-events: key = No Key value = ["evt-01219", "TRK-007", "2026-10-01T10:33:05Z", 84.6]
2026-10-02 13:05:11 | INFO | Produced event to topic telemetry-events: key = No Key value = ["evt-01220", "TRK-018", "2026-10-01T10:33:09Z", 81.0]
2026-10-02 13:05:11 | INFO | Produced event to topic telemetry-events: key = No Key value = ["evt-01221", "TRK-017", "2026-10-01T10:33:22Z", 80.5]
2026-10-02 13:05:11 | INFO | Produced event to topic telemetry-events: key = No Key value = ["evt-01222", "TRK-010", "2026-10-01T10:33:29Z", 83.3]
2026-10-02 13:05:11 | INFO | Produced event to topic telemetry-events: key = No Key value = ["evt-01223", "TRK-003", "2026-10-01T10:33:31Z", 85.7]
2026-10-02 13:05:11 | INFO | Produced event to topic telemetry-events: key = No Key value = ["evt-01224", "TRK-019", "2026-10-01T10:33:45Z", 80.3]
2026-10-02 13:05:11 | INFO | Produced event to topic telemetry-events: key = No Key value = ["evt-01225", "TRK-016", "2026-10-01T10:33:53Z", 82.4]
2026-10-02 13:05:11 | INFO | Produced event to topic telemetry-events: key = No Key value = ["evt-01226", "TRK-003", "2026-10-01T10:34:00Z", 86.0]
2026-10-02 13:05:11 | INFO | Produced event to topic telemetry-events: key = No Key value = ["evt-01227", "TRK-019", "2026-10-01T10:34:06Z", 80.2]
2026-10-02 13:05:11 | INFO | Produced event to topic telemetry-events: key = No Key value = ["evt-01228", "TRK-016", "2026-10-01T10:34:12Z", 82.5]
2026-10-02 13:05:11 | INFO | Produced event to topic telemetry-events: key = No Key value = ["evt-01229", "TRK-008", "2026-10-01T10:34:14Z", 79.7]
2026-10-02 13:05:11 | INFO | Produced event to topic telemetry-events: key = No Key value = ["evt-01230", "TRK-013", "2026-10-01T10:34:27Z", 82.6]
2026-10-02 13:05:11 | INFO | Produced event to topic telemetry-events: key = No Key value = ["evt-01231", "TRK-010", "2026-10-01T10:34:29Z", 83.6]
2026-10-02 13:05:11 | INFO | Produced event to topic telemetry-events: key = No Key value = ["evt-01232", "TRK-006", "2026-10-01T10:34:42Z", 90.1]
2026-10-02 13:05:11 | INFO | Produced event to topic telemetry-events: key = No Key value = ["evt-01233", "TRK-017", "2026-10-01T10:34:56Z", 80.6]
2026-10-02 13:05:11 | INFO | Produced event to topic telemetry-events: key = No Key value = ["evt-01234", "TRK-002", "2026-10-01T10:35:08Z", 81.7]
2026-10-02 13:05:11 | INFO | Produced event to topic telemetry-events: key = No Key value = ["evt-01235", "TRK-006", "2026-10-01T10:35:21Z", 90.8]
2026-10-02 13:05:11 | INFO | Produced event to topic telemetry-events: key = No Key value = ["evt-01236", "TRK-008", "2026-10-01T10:35:24Z", 78.9]
2026-10-02 13:05:11 | INFO | Produced event to topic telemetry-events: key = No Key value = ["evt-01237", "TRK-007", "2026-10-01T10:35:33Z", 84.6]
2026-10-02 13:05:11 | INFO | Produced event to topic telemetry-events: key = No Key value = ["evt-01238", "TRK-004", "2026-10-01T10:35:36Z", 87.8]
2026-10-02 13:05:11 | INFO | Produced event to topic telemetry-events: key = No Key value = ["evt-01239", "TRK-013", "2026-10-01T10:35:44Z", 82.6]
2026-10-02 13:05:11 | INFO | Produced event to topic telemetry-events: key = No Key value = ["evt-01240", "TRK-011", "2026-10-01T10:35:54Z", 80.0]
2026-10-02 13:05:11 | INFO | Produced event to topic telemetry-events: key = No Key value = ["evt-01241", "TRK-018", "2026-10-01T10:35:58Z", 80.0]
2026-10-02 13:05:11 | INFO | Produced event to topic telemetry-events: key = No Key value = ["evt-01242", "TRK-016", "2026-10-01T10:36:03Z", 82.9]
2026-10-02 13:05:11 | INFO | Produced event to topic telemetry-events: key = No Key value = ["evt-01243", "TRK-003", "2026-10-01T10:36:07Z", 85.9]
2026-10-02 13:05:11 | INFO | Produced event to topic telemetry-events: key = No Key value = ["evt-01244", "TRK-016", "2026-10-01T10:36:20Z", 83.3]
2026-10-02 13:05:11 | INFO | Produced event to topic telemetry-events: key = No Key value = ["evt-01245", "TRK-017", "2026-10-01T10:36:32Z", 80.3]
2026-10-02 13:05:11 | INFO | Produced event to topic telemetry-events: key = No Key value = ["evt-01246", "TRK-014", "2026-10-01T10:36:34Z", 85.7]
2026-10-02 13:05:11 | INFO | Produced event to topic telemetry-events: key = No Key value = ["evt-01247", "TRK-006", "2026-10-01T10:36:45Z", 91.4]
2026-10-02 13:05:11 | INFO | Produced event to topic telemetry-events: key = No Key value = ["evt-01248", "TRK-003", "2026-10-01T10:36:59Z", 86.8]
2026-10-02 13:05:11 | INFO | Produced event to topic telemetry-events: key = No Key value = ["evt-01249", "TRK-009", "2026-10-01T10:37:01Z", 86.0]
2026-10-02 13:05:11 | INFO | Produced event to topic telemetry-events: key = No Key value = ["evt-01250", "TRK-020", "2026-10-01T10:37:02Z", 88.5]
2026-10-02 13:05:11 | INFO | Produced event to topic telemetry-events: key = No Key value = ["evt-01251", "TRK-002", "2026-10-01T10:37:16Z", 81.8]
2026-10-02 13:05:11 | INFO | Produced event to topic telemetry-events: key = No Key value = ["evt-01252", "TRK-018", "2026-10-01T10:37:22Z", 79.0]
2026-10-02 13:05:11 | INFO | Produced event to topic telemetry-events: key = No Key value = ["evt-01253", "TRK-006", "2026-10-01T10:37:36Z", 91.6]
2026-10-02 13:05:11 | INFO | Produced event to topic telemetry-events: key = No Key value = ["evt-01254", "TRK-020", "2026-10-01T10:37:41Z", 88.1]
2026-10-02 13:05:11 | INFO | Produced event to topic telemetry-events: key = No Key value = ["evt-01255", "TRK-003", "2026-10-01T10:37:46Z", 87.1]
2026-10-02 13:05:11 | INFO | Produced event to topic telemetry-events: key = No Key value = ["evt-01256", "TRK-017", "2026-10-01T10:37:56Z", 80.9]
2026-10-02 13:05:11 | INFO | Produced event to topic telemetry-events: key = No Key value = ["evt-01257", "TRK-004", "2026-10-01T10:38:01Z", 88.5]
2026-10-02 13:05:11 | INFO | Produced event to topic telemetry-events: key = No Key value = ["evt-01258", "TRK-005", "2026-10-01T10:38:06Z", 90.1]
2026-10-02 13:05:11 | INFO | Produced event to topic telemetry-events: key = No Key value = ["evt-01260", "TRK-004", "2026-10-01T10:38:15Z", 88.3]
2026-10-02 13:05:11 | INFO | Produced event to topic telemetry-events: key = No Key value = ["evt-01261", "TRK-002", "2026-10-01T10:38:22Z", 82.3]
2026-10-02 13:05:11 | INFO | Produced event to topic telemetry-events: key = No Key value = ["evt-01262", "TRK-007", "2026-10-01T10:38:23Z", 85.1]
2026-10-02 13:05:11 | INFO | Produced event to topic telemetry-events: key = No Key value = ["evt-01263", "TRK-001", "2026-10-01T10:38:31Z", 90.3]
2026-10-02 13:05:11 | INFO | Produced event to topic telemetry-events: key = No Key value = ["evt-01264", "TRK-001", "2026-10-01T10:38:43Z", 89.8]
2026-10-02 13:05:11 | INFO | Produced event to topic telemetry-events: key = No Key value = ["evt-01265", "TRK-004", "2026-10-01T10:38:55Z", 88.2]
2026-10-02 13:05:11 | INFO | Produced event to topic telemetry-events: key = No Key value = ["evt-01266", "TRK-013", "2026-10-01T10:38:56Z", 82.3]
2026-10-02 13:05:11 | INFO | Produced event to topic telemetry-events: key = No Key value = ["evt-01267", "TRK-007", "2026-10-01T10:39:09Z", 85.8]
2026-10-02 13:05:11 | INFO | Produced event to topic telemetry-events: key = No Key value = ["evt-01268", "TRK-019", "2026-10-01T10:39:23Z", 80.2]
2026-10-02 13:05:11 | INFO | Produced event to topic telemetry-events: key = No Key value = ["evt-01269", "TRK-004", "2026-10-01T10:39:26Z", 87.9]
2026-10-02 13:05:11 | INFO | Produced event to topic telemetry-events: key = No Key value = ["evt-01270", "TRK-006", "2026-10-01T10:39:32Z", 92.0]
2026-10-02 13:05:11 | INFO | Produced event to topic telemetry-events: key = No Key value = ["evt-01271", "TRK-004", "2026-10-01T10:39:46Z", 88.5]
2026-10-02 13:05:11 | INFO | Produced event to topic telemetry-events: key = No Key value = ["evt-01273", "TRK-012", "2026-10-01T10:40:05Z", 82.9]
2026-10-02 13:05:11 | INFO | Produced event to topic telemetry-events: key = No Key value = ["evt-01274", "TRK-006", "2026-10-01T10:40:13Z", 91.7]
2026-10-02 13:05:11 | INFO | Produced event to topic telemetry-events: key = No Key value = ["evt-01275", "TRK-017", "2026-10-01T10:40:14Z", 81.1]
2026-10-02 13:05:11 | INFO | Produced event to topic telemetry-events: key = No Key value = ["evt-01276", "TRK-003", "2026-10-01T10:40:28Z", 86.3]
2026-10-02 13:05:11 | INFO | Produced event to topic telemetry-events: key = No Key value = ["evt-01277", "TRK-011", "2026-10-01T10:40:32Z", 80.4]
2026-10-02 13:05:11 | INFO | Produced event to topic telemetry-events: key = No Key value = ["evt-01278", "TRK-001", "2026-10-01T10:40:46Z", 90.3]
2026-10-02 13:05:11 | INFO | Produced event to topic telemetry-events: key = No Key value = ["evt-01279", "TRK-017", "2026-10-01T10:40:52Z", 80.5]
2026-10-02 13:05:11 | INFO | Produced event to topic telemetry-events: key = No Key value = ["evt-01280", "TRK-003", "2026-10-01T10:41:00Z", 86.0]
2026-10-02 13:05:11 | INFO | Produced event to topic telemetry-events: key = No Key value = ["evt-01281", "TRK-012", "2026-10-01T10:41:02Z", 83.0]
2026-10-02 13:05:11 | INFO | Produced event to topic telemetry-events: key = No Key value = ["evt-01282", "TRK-019", "2026-10-01T10:41:03Z", 81.0]
2026-10-02 13:05:11 | INFO | Produced event to topic telemetry-events: key = No Key value = ["evt-01283", "TRK-016", "2026-10-01T10:41:15Z", 82.0]
2026-10-02 13:05:11 | INFO | Produced event to topic telemetry-events: key = No Key value = ["evt-01284", "TRK-001", "2026-10-01T10:41:19Z", 88.6]
2026-10-02 13:05:11 | INFO | Produced event to topic telemetry-events: key = No Key value = ["evt-01285", "TRK-011", "2026-10-01T10:41:20Z", 80.0]
2026-10-02 13:05:11 | INFO | Produced event to topic telemetry-events: key = No Key value = ["evt-01286", "TRK-014", "2026-10-01T10:41:33Z", 85.0]
2026-10-02 13:05:11 | INFO | Produced event to topic telemetry-events: key = No Key value = ["evt-01287", "TRK-014", "2026-10-01T10:41:40Z", 86.0]
2026-10-02 13:05:11 | INFO | Produced event to topic telemetry-events: key = No Key value = ["evt-01288", "TRK-017", "2026-10-01T10:41:45Z", 81.0]
2026-10-02 13:05:11 | INFO | Produced event to topic telemetry-events: key = No Key value = ["evt-01289", "TRK-009", "2026-10-01T10:41:49Z", 85.5]
2026-10-02 13:05:11 | INFO | Produced event to topic telemetry-events: key = No Key value = ["evt-01290", "TRK-019", "2026-10-01T10:41:51Z", 81.2]
2026-10-02 13:05:11 | INFO | Produced event to topic telemetry-events: key = No Key value = ["evt-01291", "TRK-001", "2026-10-01T10:41:58Z", 89.2]
2026-10-02 13:05:11 | INFO | Produced event to topic telemetry-events: key = No Key value = ["evt-01292", "TRK-005", "2026-10-01T10:42:11Z", 90.7]
2026-10-02 13:05:11 | INFO | Produced event to topic telemetry-events: key = No Key value = ["evt-01293", "TRK-001", "2026-10-01T10:42:18Z", 88.9]
2026-10-02 13:05:11 | INFO | Produced event to topic telemetry-events: key = No Key value = ["evt-01294", "TRK-003", "2026-10-01T10:42:21Z", 87.4]
2026-10-02 13:05:11 | INFO | Produced event to topic telemetry-events: key = No Key value = ["evt-01295", "TRK-002", "2026-10-01T10:42:22Z", 82.4]
2026-10-02 13:05:11 | INFO | Produced event to topic telemetry-events: key = No Key value = ["evt-01296", "TRK-007", "2026-10-01T10:42:31Z", 86.3]
2026-10-02 13:05:11 | INFO | Produced event to topic telemetry-events: key = No Key value = ["evt-01297", "TRK-014", "2026-10-01T10:42:35Z", 85.2]
2026-10-02 13:05:11 | INFO | Produced event to topic telemetry-events: key = No Key value = ["evt-01298", "TRK-002", "2026-10-01T10:42:49Z", 83.2]
2026-10-02 13:05:11 | INFO | Produced event to topic telemetry-events: key = No Key value = ["evt-01299", "TRK-017", "2026-10-01T10:42:50Z", 80.6]
2026-10-02 13:05:11 | INFO | Produced event to topic telemetry-events: key = No Key value = ["evt-01300", "TRK-012", "2026-10-01T10:42:58Z", 82.6]
2026-10-02 13:05:11 | INFO | Produced event to topic telemetry-events: key = No Key value = ["evt-01301", "TRK-015", "2026-10-01T10:43:12Z", 85.7]
2026-10-02 13:05:11 | INFO | Produced event to topic telemetry-events: key = No Key value = ["evt-01302", "TRK-018", "2026-10-01T10:43:22Z", 79.3]
2026-10-02 13:05:11 | INFO | Produced event to topic telemetry-events: key = No Key value = ["evt-01303", "TRK-004", "2026-10-01T10:43:24Z", 88.3]
2026-10-02 13:05:11 | INFO | Produced event to topic telemetry-events: key = No Key value = ["evt-01304", "TRK-001", "2026-10-01T10:43:35Z", 89.4]
2026-10-02 13:05:11 | INFO | Produced event to topic telemetry-events: key = No Key value = ["evt-01305", "TRK-005", "2026-10-01T10:43:46Z", 89.9]
2026-10-02 13:05:11 | INFO | Produced event to topic telemetry-events: key = No Key value = ["evt-01307", "TRK-009", "2026-10-01T10:43:59Z", 85.7]
2026-10-02 13:05:11 | INFO | Produced event to topic telemetry-events: key = No Key value = ["evt-01308", "TRK-010", "2026-10-01T10:44:12Z", 84.6]
2026-10-02 13:05:11 | INFO | Produced event to topic telemetry-events: key = No Key value = ["evt-01309", "TRK-010", "2026-10-01T10:44:16Z", 84.5]
2026-10-02 13:05:11 | INFO | Produced event to topic telemetry-events: key = No Key value = ["evt-01310", "TRK-017", "2026-10-01T10:44:29Z", 81.0]
2026-10-02 13:05:11 | INFO | Produced event to topic telemetry-events: key = No Key value = ["evt-01311", "TRK-018", "2026-10-01T10:44:40Z", 79.7]
2026-10-02 13:05:11 | INFO | Produced event to topic telemetry-events: key = No Key value = ["evt-01312", "TRK-009", "2026-10-01T10:44:53Z", 86.6]
2026-10-02 13:05:11 | INFO | Produced event to topic telemetry-events: key = No Key value = ["evt-01313", "TRK-015", "2026-10-01T10:45:05Z", 86.2]
2026-10-02 13:05:11 | INFO | Produced event to topic telemetry-events: key = No Key value = ["evt-01314", "TRK-014", "2026-10-01T10:45:17Z", 84.7]
2026-10-02 13:05:11 | INFO | Produced event to topic telemetry-events: key = No Key value = ["evt-01315", "TRK-003", "2026-10-01T10:45:19Z", 87.5]
2026-10-02 13:05:11 | INFO | Produced event to topic telemetry-events: key = No Key value = ["evt-01316", "TRK-012", "2026-10-01T10:45:20Z", 83.1]
2026-10-02 13:05:11 | INFO | Produced event to topic telemetry-events: key = No Key value = ["evt-01317", "TRK-003", "2026-10-01T10:45:31Z", 87.8]
2026-10-02 13:05:11 | INFO | Produced event to topic telemetry-events: key = No Key value = ["evt-01318", "TRK-004", "2026-10-01T10:45:36Z", 88.6]
2026-10-02 13:05:11 | INFO | Produced event to topic telemetry-events: key = No Key value = ["evt-01319", "TRK-014", "2026-10-01T10:45:50Z", 84.3]
2026-10-02 13:05:11 | INFO | Produced event to topic telemetry-events: key = No Key value = ["evt-01321", "TRK-016", "2026-10-01T10:46:01Z", 81.3]
2026-10-02 13:05:11 | INFO | Produced event to topic telemetry-events: key = No Key value = ["evt-01322", "TRK-020", "2026-10-01T10:46:08Z", 89.6]
2026-10-02 13:05:11 | INFO | Produced event to topic telemetry-events: key = No Key value = ["evt-01323", "TRK-011", "2026-10-01T10:46:18Z", 79.6]
2026-10-02 13:05:11 | INFO | Produced event to topic telemetry-events: key = No Key value = ["evt-01324", "TRK-013", "2026-10-01T10:46:22Z", 81.7]
2026-10-02 13:05:11 | INFO | Produced event to topic telemetry-events: key = No Key value = ["evt-01325", "TRK-020", "2026-10-01T10:46:26Z", 89.0]
2026-10-02 13:05:11 | INFO | Produced event to topic telemetry-events: key = No Key value = ["evt-01326", "TRK-012", "2026-10-01T10:46:27Z", 81.5]
2026-10-02 13:05:11 | INFO | Produced event to topic telemetry-events: key = No Key value = ["evt-01329", "TRK-015", "2026-10-01T10:47:02Z", 86.8]
2026-10-02 13:05:11 | INFO | Produced event to topic telemetry-events: key = No Key value = ["evt-01330", "TRK-020", "2026-10-01T10:47:06Z", 89.3]
2026-10-02 13:05:11 | INFO | Produced event to topic telemetry-events: key = No Key value = ["evt-01331", "TRK-003", "2026-10-01T10:47:13Z", 88.3]
2026-10-02 13:05:11 | INFO | Produced event to topic telemetry-events: key = No Key value = ["evt-01332", "TRK-016", "2026-10-01T10:47:16Z", 81.8]
2026-10-02 13:05:11 | INFO | Produced event to topic telemetry-events: key = No Key value = ["evt-01333", "TRK-014", "2026-10-01T10:47:22Z", 83.5]
2026-10-02 13:05:11 | INFO | Produced event to topic telemetry-events: key = No Key value = ["evt-01334", "TRK-020", "2026-10-01T10:47:33Z", 89.3]
2026-10-02 13:05:11 | INFO | Produced event to topic telemetry-events: key = No Key value = ["evt-01335", "TRK-019", "2026-10-01T10:47:41Z", 81.9]
2026-10-02 13:05:11 | INFO | Produced event to topic telemetry-events: key = No Key value = ["evt-01336", "TRK-011", "2026-10-01T10:47:46Z", 79.5]
2026-10-02 13:05:11 | INFO | Produced event to topic telemetry-events: key = No Key value = ["evt-01337", "TRK-005", "2026-10-01T10:47:57Z", 90.5]
2026-10-02 13:05:11 | INFO | Produced event to topic telemetry-events: key = No Key value = ["evt-01338", "TRK-005", "2026-10-01T10:48:06Z", 90.2]
2026-10-02 13:05:11 | INFO | Produced event to topic telemetry-events: key = No Key value = ["evt-01339", "TRK-006", "2026-10-01T10:48:07Z", 92.0]
2026-10-02 13:05:11 | INFO | Produced event to topic telemetry-events: key = No Key value = ["evt-01340", "TRK-006", "2026-10-01T10:48:15Z", 92.0]
2026-10-02 13:05:11 | INFO | Produced event to topic telemetry-events: key = No Key value = ["evt-01341", "TRK-003", "2026-10-01T10:48:22Z", 88.3]
2026-10-02 13:05:11 | INFO | Produced event to topic telemetry-events: key = No Key value = ["evt-01342", "TRK-009", "2026-10-01T10:48:32Z", 87.1]
2026-10-02 13:05:11 | INFO | Produced event to topic telemetry-events: key = No Key value = ["evt-01343", "TRK-017", "2026-10-01T10:48:35Z", 81.2]
2026-10-02 13:05:11 | INFO | Produced event to topic telemetry-events: key = No Key value = ["evt-01344", "TRK-004", "2026-10-01T10:48:45Z", 87.4]
2026-10-02 13:05:11 | INFO | Produced event to topic telemetry-events: key = No Key value = ["evt-01345", "TRK-010", "2026-10-01T10:48:50Z", 84.7]
2026-10-02 13:05:11 | INFO | Produced event to topic telemetry-events: key = No Key value = ["evt-01346", "TRK-002", "2026-10-01T10:49:02Z", 82.9]
2026-10-02 13:05:11 | INFO | Produced event to topic telemetry-events: key = No Key value = ["evt-01347", "TRK-002", "2026-10-01T10:49:08Z", 83.3]
2026-10-02 13:05:11 | INFO | Produced event to topic telemetry-events: key = No Key value = ["evt-01348", "TRK-012", "2026-10-01T10:49:17Z", 80.9]
2026-10-02 13:05:11 | INFO | Produced event to topic telemetry-events: key = No Key value = ["evt-01349", "TRK-011", "2026-10-01T10:49:29Z", 78.7]
2026-10-02 13:05:11 | INFO | Produced event to topic telemetry-events: key = No Key value = ["evt-01350", "TRK-008", "2026-10-01T10:49:33Z", 79.0]
2026-10-02 13:05:11 | INFO | Produced event to topic telemetry-events: key = No Key value = ["evt-01351", "TRK-012", "2026-10-01T10:49:46Z", 80.4]
2026-10-02 13:05:11 | INFO | Produced event to topic telemetry-events: key = No Key value = ["evt-01352", "TRK-012", "2026-10-01T10:49:48Z", 81.6]
2026-10-02 13:05:11 | INFO | Produced event to topic telemetry-events: key = No Key value = ["evt-01353", "TRK-020", "2026-10-01T10:49:56Z", 88.4]
2026-10-02 13:05:11 | INFO | Produced event to topic telemetry-events: key = No Key value = ["evt-01354", "TRK-006", "2026-10-01T10:50:02Z", 91.5]
2026-10-02 13:05:11 | INFO | Produced event to topic telemetry-events: key = No Key value = ["evt-01355", "TRK-012", "2026-10-01T10:50:12Z", 82.6]
2026-10-02 13:05:11 | INFO | Produced event to topic telemetry-events: key = No Key value = ["evt-01356", "TRK-010", "2026-10-01T10:50:20Z", 84.9]
2026-10-02 13:05:11 | INFO | Produced event to topic telemetry-events: key = No Key value = ["evt-01357", "TRK-006", "2026-10-01T10:50:25Z", 91.3]
2026-10-02 13:05:11 | INFO | Produced event to topic telemetry-events: key = No Key value = ["evt-01358", "TRK-018", "2026-10-01T10:50:33Z", 78.6]
2026-10-02 13:05:11 | INFO | Produced event to topic telemetry-events: key = No Key value = ["evt-01359", "TRK-020", "2026-10-01T10:50:45Z", 88.0]
2026-10-02 13:05:11 | INFO | Produced event to topic telemetry-events: key = No Key value = ["evt-01360", "TRK-020", "2026-10-01T10:50:55Z", 87.6]
2026-10-02 13:05:11 | INFO | Produced event to topic telemetry-events: key = No Key value = ["evt-01361", "TRK-011", "2026-10-01T10:51:02Z", 78.6]
2026-10-02 13:05:11 | INFO | Produced event to topic telemetry-events: key = No Key value = ["evt-01362", "TRK-018", "2026-10-01T10:51:03Z", 78.2]
2026-10-02 13:05:11 | INFO | Produced event to topic telemetry-events: key = No Key value = ["evt-01363", "TRK-020", "2026-10-01T10:51:06Z", 87.4]
2026-10-02 13:05:11 | INFO | Produced event to topic telemetry-events: key = No Key value = ["evt-01364", "TRK-008", "2026-10-01T10:51:19Z", 79.5]
2026-10-02 13:05:11 | INFO | Produced event to topic telemetry-events: key = No Key value = ["evt-01365", "TRK-010", "2026-10-01T10:51:26Z", 85.8]
2026-10-02 13:05:11 | INFO | Produced event to topic telemetry-events: key = No Key value = ["evt-01366", "TRK-019", "2026-10-01T10:51:28Z", 82.4]
2026-10-02 13:05:11 | INFO | Produced event to topic telemetry-events: key = No Key value = ["evt-01367", "TRK-019", "2026-10-01T10:51:38Z", 81.9]
2026-10-02 13:05:11 | INFO | Produced event to topic telemetry-events: key = No Key value = ["evt-01368", "TRK-002", "2026-10-01T10:51:43Z", 83.8]
2026-10-02 13:05:11 | INFO | Produced event to topic telemetry-events: key = No Key value = ["evt-01369", "TRK-018", "2026-10-01T10:51:52Z", 78.0]
2026-10-02 13:05:11 | INFO | Produced event to topic telemetry-events: key = No Key value = ["evt-01370", "TRK-019", "2026-10-01T10:52:05Z", 82.0]
2026-10-02 13:05:11 | INFO | Produced event to topic telemetry-events: key = No Key value = ["evt-01371", "TRK-008", "2026-10-01T10:52:16Z", 79.7]
2026-10-02 13:05:11 | INFO | Produced event to topic telemetry-events: key = No Key value = ["evt-01372", "TRK-012", "2026-10-01T10:52:28Z", 82.3]
2026-10-02 13:05:11 | INFO | Produced event to topic telemetry-events: key = No Key value = ["evt-01373", "TRK-005", "2026-10-01T10:52:34Z", 90.8]
2026-10-02 13:05:11 | INFO | Produced event to topic telemetry-events: key = No Key value = ["evt-01374", "TRK-008", "2026-10-01T10:52:48Z", 79.5]
2026-10-02 13:05:11 | INFO | Produced event to topic telemetry-events: key = No Key value = ["evt-01375", "TRK-015", "2026-10-01T10:52:53Z", 85.9]
2026-10-02 13:05:11 | INFO | Produced event to topic telemetry-events: key = No Key value = ["evt-01376", "TRK-009", "2026-10-01T10:52:58Z", 87.2]
2026-10-02 13:05:11 | INFO | Produced event to topic telemetry-events: key = No Key value = ["evt-01377", "TRK-015", "2026-10-01T10:53:08Z", 87.2]
2026-10-02 13:05:11 | INFO | Produced event to topic telemetry-events: key = No Key value = ["evt-01378", "TRK-003", "2026-10-01T10:53:12Z", 88.2]
2026-10-02 13:05:11 | INFO | Produced event to topic telemetry-events: key = No Key value = ["evt-01379", "TRK-001", "2026-10-01T10:53:16Z", 89.7]
2026-10-02 13:05:11 | INFO | Produced event to topic telemetry-events: key = No Key value = ["evt-01380", "TRK-016", "2026-10-01T10:53:29Z", 81.0]
2026-10-02 13:05:11 | INFO | Produced event to topic telemetry-events: key = No Key value = ["evt-01381", "TRK-007", "2026-10-01T10:53:37Z", 86.6]
2026-10-02 13:05:11 | INFO | Produced event to topic telemetry-events: key = No Key value = ["evt-01382", "TRK-012", "2026-10-01T10:53:49Z", 82.6]
2026-10-02 13:05:11 | INFO | Produced event to topic telemetry-events: key = No Key value = ["evt-01383", "TRK-016", "2026-10-01T10:53:50Z", 81.1]
2026-10-02 13:05:11 | INFO | Produced event to topic telemetry-events: key = No Key value = ["evt-01384", "TRK-003", "2026-10-01T10:53:55Z", 87.7]
2026-10-02 13:05:11 | INFO | Produced event to topic telemetry-events: key = No Key value = ["evt-01385", "TRK-002", "2026-10-01T10:54:08Z", 83.5]
2026-10-02 13:05:11 | INFO | Produced event to topic telemetry-events: key = No Key value = ["evt-01386", "TRK-011", "2026-10-01T10:54:18Z", 78.0]
2026-10-02 13:05:11 | INFO | Produced event to topic telemetry-events: key = No Key value = ["evt-01387", "TRK-001", "2026-10-01T10:54:25Z", 90.4]
2026-10-02 13:05:11 | INFO | Produced event to topic telemetry-events: key = No Key value = ["evt-01388", "TRK-010", "2026-10-01T10:54:36Z", 86.3]
2026-10-02 13:05:11 | INFO | Produced event to topic telemetry-events: key = No Key value = ["evt-01389", "TRK-006", "2026-10-01T10:54:41Z", 90.5]
2026-10-02 13:05:11 | INFO | Produced event to topic telemetry-events: key = No Key value = ["evt-01390", "TRK-004", "2026-10-01T10:54:43Z", 87.1]
2026-10-02 13:05:11 | INFO | Produced event to topic telemetry-events: key = No Key value = ["evt-01391", "TRK-004", "2026-10-01T10:54:52Z", 86.2]
2026-10-02 13:05:11 | INFO | Produced event to topic telemetry-events: key = No Key value = ["evt-01392", "TRK-009", "2026-10-01T10:55:05Z", 86.9]
2026-10-02 13:05:11 | INFO | Produced event to topic telemetry-events: key = No Key value = ["evt-01393", "TRK-011", "2026-10-01T10:55:08Z", 79.2]
2026-10-02 13:05:11 | INFO | Produced event to topic telemetry-events: key = No Key value = ["evt-01394", "TRK-014", "2026-10-01T10:55:12Z", 83.9]
2026-10-02 13:05:11 | INFO | Produced event to topic telemetry-events: key = No Key value = ["evt-01395", "TRK-013", "2026-10-01T10:55:14Z", 81.2]
2026-10-02 13:05:11 | INFO | Produced event to topic telemetry-events: key = No Key value = ["evt-01396", "TRK-005", "2026-10-01T10:55:16Z", 91.2]
2026-10-02 13:05:11 | INFO | Produced event to topic telemetry-events: key = No Key value = ["evt-01397", "TRK-007", "2026-10-01T10:55:26Z", 86.7]
2026-10-02 13:05:11 | INFO | Produced event to topic telemetry-events: key = No Key value = ["evt-01398", "TRK-017", "2026-10-01T10:55:40Z", 81.8]
2026-10-02 13:05:11 | INFO | Produced event to topic telemetry-events: key = No Key value = ["evt-01399", "TRK-004", "2026-10-01T10:55:41Z", 86.6]
2026-10-02 13:05:11 | INFO | Produced event to topic telemetry-events: key = No Key value = ["evt-01400", "TRK-017", "2026-10-01T10:55:49Z", 80.8]
2026-10-02 13:05:11 | INFO | Produced event to topic telemetry-events: key = No Key value = ["evt-01401", "TRK-015", "2026-10-01T10:55:57Z", 87.3]
2026-10-02 13:05:11 | INFO | Produced event to topic telemetry-events: key = No Key value = ["evt-01402", "TRK-017", "2026-10-01T10:56:09Z", 79.6]
2026-10-02 13:05:11 | INFO | Produced event to topic telemetry-events: key = No Key value = ["evt-01403", "TRK-015", "2026-10-01T10:56:22Z", 87.2]
2026-10-02 13:05:11 | INFO | Produced event to topic telemetry-events: key = No Key value = ["evt-01404", "TRK-012", "2026-10-01T10:56:36Z", 83.2]
2026-10-02 13:05:11 | INFO | Produced event to topic telemetry-events: key = No Key value = ["evt-01406", "TRK-012", "2026-10-01T10:56:52Z", 83.1]
2026-10-02 13:05:11 | INFO | Produced event to topic telemetry-events: key = No Key value = ["evt-01407", "TRK-020", "2026-10-01T10:56:59Z", 87.4]
2026-10-02 13:05:11 | INFO | Produced event to topic telemetry-events: key = No Key value = ["evt-01408", "TRK-018", "2026-10-01T10:57:04Z", 78.3]
2026-10-02 13:05:11 | INFO | Produced event to topic telemetry-events: key = No Key value = ["evt-01409", "TRK-013", "2026-10-01T10:57:06Z", 81.3]
2026-10-02 13:05:11 | INFO | Produced event to topic telemetry-events: key = No Key value = ["evt-01410", "TRK-019", "2026-10-01T10:57:19Z", 81.2]
2026-10-02 13:05:11 | INFO | Produced event to topic telemetry-events: key = No Key value = ["evt-01411", "TRK-012", "2026-10-01T10:57:24Z", 83.4]
2026-10-02 13:05:11 | INFO | Produced event to topic telemetry-events: key = No Key value = ["evt-01412", "TRK-010", "2026-10-01T10:57:34Z", 86.2]
2026-10-02 13:05:11 | INFO | Produced event to topic telemetry-events: key = No Key value = ["evt-01413", "TRK-007", "2026-10-01T10:57:39Z", 85.7]
2026-10-02 13:05:11 | INFO | Produced event to topic telemetry-events: key = No Key value = ["evt-01414", "TRK-019", "2026-10-01T10:57:44Z", 81.0]
2026-10-02 13:05:11 | INFO | Produced event to topic telemetry-events: key = No Key value = ["evt-01415", "TRK-017", "2026-10-01T10:57:51Z", 79.8]
2026-10-02 13:05:11 | INFO | Produced event to topic telemetry-events: key = No Key value = ["evt-01417", "TRK-020", "2026-10-01T10:58:09Z", 87.3]
2026-10-02 13:05:11 | INFO | Produced event to topic telemetry-events: key = No Key value = ["evt-01418", "TRK-018", "2026-10-01T10:58:10Z", 78.7]
2026-10-02 13:05:11 | INFO | Produced event to topic telemetry-events: key = No Key value = ["evt-01419", "TRK-001", "2026-10-01T10:58:24Z", 91.1]
2026-10-02 13:05:11 | INFO | Produced event to topic telemetry-events: key = No Key value = ["evt-01420", "TRK-010", "2026-10-01T10:58:30Z", 84.7]
2026-10-02 13:05:11 | INFO | Produced event to topic telemetry-events: key = No Key value = ["evt-01421", "TRK-007", "2026-10-01T10:58:40Z", 86.1]
2026-10-02 13:05:11 | INFO | Produced event to topic telemetry-events: key = No Key value = ["evt-01422", "TRK-014", "2026-10-01T10:58:47Z", 83.9]
2026-10-02 13:05:11 | INFO | Produced event to topic telemetry-events: key = No Key value = ["evt-01423", "TRK-006", "2026-10-01T10:58:53Z", 90.3]
2026-10-02 13:05:11 | INFO | Produced event to topic telemetry-events: key = No Key value = ["evt-01424", "TRK-015", "2026-10-01T10:58:59Z", 87.5]
2026-10-02 13:05:11 | INFO | Produced event to topic telemetry-events: key = No Key value = ["evt-01425", "TRK-019", "2026-10-01T10:59:00Z", 80.5]
2026-10-02 13:05:11 | INFO | Produced event to topic telemetry-events: key = No Key value = ["evt-01426", "TRK-013", "2026-10-01T10:59:06Z", 81.3]
2026-10-02 13:05:11 | INFO | Produced event to topic telemetry-events: key = No Key value = ["evt-01427", "TRK-020", "2026-10-01T10:59:10Z", 88.4]
2026-10-02 13:05:11 | INFO | Produced event to topic telemetry-events: key = No Key value = ["evt-01428", "TRK-013", "2026-10-01T10:59:11Z", 81.2]
2026-10-02 13:05:11 | INFO | Produced event to topic telemetry-events: key = No Key value = ["evt-01430", "TRK-015", "2026-10-01T10:59:26Z", 87.8]
2026-10-02 13:05:11 | INFO | Produced event to topic telemetry-events: key = No Key value = ["evt-01431", "TRK-004", "2026-10-01T10:59:29Z", 86.8]
2026-10-02 13:05:11 | INFO | Produced event to topic telemetry-events: key = No Key value = ["evt-01432", "TRK-004", "2026-10-01T10:59:37Z", 85.7]
2026-10-02 13:05:11 | INFO | Produced event to topic telemetry-events: key = No Key value = ["evt-01433", "TRK-006", "2026-10-01T10:59:46Z", 90.3]
2026-10-02 13:05:11 | INFO | Produced event to topic telemetry-events: key = No Key value = ["evt-01434", "TRK-009", "2026-10-01T10:59:50Z", 87.6]
2026-10-02 13:05:11 | INFO | Produced event to topic telemetry-events: key = No Key value = ["evt-01435", "TRK-014", "2026-10-01T10:59:55Z", 84.0]
2026-10-02 13:05:11 | INFO | Produced event to topic telemetry-events: key = No Key value = ["evt-01436", "TRK-017", "2026-10-01T11:00:09Z", 80.3]
2026-10-02 13:05:11 | INFO | Produced event to topic telemetry-events: key = No Key value = ["evt-01437", "TRK-003", "2026-10-01T11:00:16Z", 86.7]
2026-10-02 13:05:11 | INFO | Produced event to topic telemetry-events: key = No Key value = ["evt-01438", "TRK-015", "2026-10-01T11:00:28Z", 87.1]
2026-10-02 13:05:11 | INFO | Produced event to topic telemetry-events: key = No Key value = ["evt-01439", "TRK-003", "2026-10-01T11:00:34Z", 86.4]
2026-10-02 13:05:11 | INFO | Produced event to topic telemetry-events: key = No Key value = ["evt-01440", "TRK-017", "2026-10-01T11:00:47Z", 80.9]
2026-10-02 13:05:11 | INFO | Produced event to topic telemetry-events: key = No Key value = ["evt-01441", "TRK-015", "2026-10-01T11:00:58Z", 85.4]
2026-10-02 13:05:11 | INFO | Produced event to topic telemetry-events: key = No Key value = ["evt-01442", "TRK-018", "2026-10-01T11:01:09Z", 79.1]
2026-10-02 13:05:11 | INFO | Produced event to topic telemetry-events: key = No Key value = ["evt-01443", "TRK-018", "2026-10-01T11:01:21Z", 79.5]
2026-10-02 13:05:11 | INFO | Produced event to topic telemetry-events: key = No Key value = ["evt-01444", "TRK-004", "2026-10-01T11:01:23Z", 85.7]
2026-10-02 13:05:11 | INFO | Produced event to topic telemetry-events: key = No Key value = ["evt-01445", "TRK-009", "2026-10-01T11:01:34Z", 87.2]
2026-10-02 13:05:11 | INFO | Produced event to topic telemetry-events: key = No Key value = ["evt-01446", "TRK-018", "2026-10-01T11:01:39Z", 79.8]
2026-10-02 13:05:11 | INFO | Produced event to topic telemetry-events: key = No Key value = ["evt-01447", "TRK-004", "2026-10-01T11:01:46Z", 85.6]
2026-10-02 13:05:11 | INFO | Produced event to topic telemetry-events: key = No Key value = ["evt-01448", "TRK-011", "2026-10-01T11:02:00Z", 79.5]
2026-10-02 13:05:11 | INFO | Produced event to topic telemetry-events: key = No Key value = ["evt-01449", "TRK-016", "2026-10-01T11:02:04Z", 80.8]
2026-10-02 13:05:11 | INFO | Produced event to topic telemetry-events: key = No Key value = ["evt-01450", "TRK-001", "2026-10-01T11:02:11Z", 91.0]
2026-10-02 13:05:11 | INFO | Produced event to topic telemetry-events: key = No Key value = ["evt-01451", "TRK-012", "2026-10-01T11:02:21Z", 82.8]
2026-10-02 13:05:11 | INFO | Produced event to topic telemetry-events: key = No Key value = ["evt-01452", "TRK-012", "2026-10-01T11:02:28Z", 82.4]
2026-10-02 13:05:11 | INFO | Produced event to topic telemetry-events: key = No Key value = ["evt-01453", "TRK-010", "2026-10-01T11:02:42Z", 85.5]
2026-10-02 13:05:11 | INFO | Produced event to topic telemetry-events: key = No Key value = ["evt-01454", "TRK-009", "2026-10-01T11:02:45Z", 87.5]
2026-10-02 13:05:11 | INFO | Produced event to topic telemetry-events: key = No Key value = ["evt-01455", "TRK-007", "2026-10-01T11:02:52Z", 86.1]
2026-10-02 13:05:11 | INFO | Produced event to topic telemetry-events: key = No Key value = ["evt-01456", "TRK-019", "2026-10-01T11:03:06Z", 80.4]
2026-10-02 13:05:11 | INFO | Produced event to topic telemetry-events: key = No Key value = ["evt-01457", "TRK-015", "2026-10-01T11:03:20Z", 85.2]
2026-10-02 13:05:11 | INFO | Produced event to topic telemetry-events: key = No Key value = ["evt-01458", "TRK-003", "2026-10-01T11:03:26Z", 87.1]
2026-10-02 13:05:11 | INFO | Produced event to topic telemetry-events: key = No Key value = ["evt-01459", "TRK-019", "2026-10-01T11:03:29Z", 80.4]
2026-10-02 13:05:11 | INFO | Produced event to topic telemetry-events: key = No Key value = ["evt-01460", "TRK-013", "2026-10-01T11:03:37Z", 80.7]
2026-10-02 13:05:11 | INFO | Produced event to topic telemetry-events: key = No Key value = ["evt-01461", "TRK-010", "2026-10-01T11:03:44Z", 84.9]
2026-10-02 13:05:11 | INFO | Produced event to topic telemetry-events: key = No Key value = ["evt-01462", "TRK-010", "2026-10-01T11:03:53Z", 85.4]
2026-10-02 13:05:11 | INFO | Produced event to topic telemetry-events: key = No Key value = ["evt-01463", "TRK-019", "2026-10-01T11:03:58Z", 80.5]
2026-10-02 13:05:11 | INFO | Produced event to topic telemetry-events: key = No Key value = ["evt-01464", "TRK-003", "2026-10-01T11:04:02Z", 87.1]
2026-10-02 13:05:11 | INFO | Produced event to topic telemetry-events: key = No Key value = ["evt-01465", "TRK-008", "2026-10-01T11:04:08Z", 78.7]
2026-10-02 13:05:11 | INFO | Produced event to topic telemetry-events: key = No Key value = ["evt-01466", "TRK-013", "2026-10-01T11:04:12Z", 80.2]
2026-10-02 13:05:11 | INFO | Produced event to topic telemetry-events: key = No Key value = ["evt-01467", "TRK-013", "2026-10-01T11:04:23Z", 79.6]
2026-10-02 13:05:11 | INFO | Produced event to topic telemetry-events: key = No Key value = ["evt-01468", "TRK-017", "2026-10-01T11:04:32Z", 81.2]
2026-10-02 13:05:11 | INFO | Produced event to topic telemetry-events: key = No Key value = ["evt-01469", "TRK-013", "2026-10-01T11:04:36Z", 79.2]
2026-10-02 13:05:11 | INFO | Produced event to topic telemetry-events: key = No Key value = ["evt-01470", "TRK-015", "2026-10-01T11:04:47Z", 84.9]
2026-10-02 13:05:11 | INFO | Produced event to topic telemetry-events: key = No Key value = ["evt-01471", "TRK-003", "2026-10-01T11:04:59Z", 88.1]
2026-10-02 13:05:11 | INFO | Produced event to topic telemetry-events: key = No Key value = ["evt-01472", "TRK-007", "2026-10-01T11:05:12Z", 85.9]
2026-10-02 13:05:11 | INFO | Produced event to topic telemetry-events: key = No Key value = ["evt-01473", "TRK-013", "2026-10-01T11:05:24Z", 78.0]
2026-10-02 13:05:11 | INFO | Produced event to topic telemetry-events: key = No Key value = ["evt-01475", "TRK-005", "2026-10-01T11:05:47Z", 91.8]
2026-10-02 13:05:11 | INFO | Produced event to topic telemetry-events: key = No Key value = ["evt-01476", "TRK-010", "2026-10-01T11:05:51Z", 85.5]
2026-10-02 13:05:11 | INFO | Produced event to topic telemetry-events: key = No Key value = ["evt-01477", "TRK-008", "2026-10-01T11:06:02Z", 78.0]
2026-10-02 13:05:11 | INFO | Produced event to topic telemetry-events: key = No Key value = ["evt-01478", "TRK-020", "2026-10-01T11:06:11Z", 88.2]
2026-10-02 13:05:11 | INFO | Produced event to topic telemetry-events: key = No Key value = ["evt-01479", "TRK-016", "2026-10-01T11:06:20Z", 80.8]
2026-10-02 13:05:11 | INFO | Produced event to topic telemetry-events: key = No Key value = ["evt-01480", "TRK-006", "2026-10-01T11:06:33Z", 90.6]
2026-10-02 13:05:11 | INFO | Produced event to topic telemetry-events: key = No Key value = ["evt-01481", "TRK-014", "2026-10-01T11:06:39Z", 84.4]
2026-10-02 13:05:11 | INFO | Produced event to topic telemetry-events: key = No Key value = ["evt-01483", "TRK-017", "2026-10-01T11:06:55Z", 81.7]
2026-10-02 13:05:11 | INFO | Produced event to topic telemetry-events: key = No Key value = ["evt-01484", "TRK-018", "2026-10-01T11:07:01Z", 79.4]
2026-10-02 13:05:11 | INFO | Produced event to topic telemetry-events: key = No Key value = ["evt-01485", "TRK-005", "2026-10-01T11:07:15Z", 90.7]
2026-10-02 13:05:11 | INFO | Produced event to topic telemetry-events: key = No Key value = ["evt-01486", "TRK-016", "2026-10-01T11:07:27Z", 80.8]
2026-10-02 13:05:11 | INFO | Produced event to topic telemetry-events: key = No Key value = ["evt-01487", "TRK-001", "2026-10-01T11:07:33Z", 90.8]
2026-10-02 13:05:11 | INFO | Produced event to topic telemetry-events: key = No Key value = ["evt-01488", "TRK-013", "2026-10-01T11:07:42Z", 79.6]
2026-10-02 13:05:11 | INFO | Produced event to topic telemetry-events: key = No Key value = ["evt-01489", "TRK-005", "2026-10-01T11:07:49Z", 90.0]
2026-10-02 13:05:11 | INFO | Produced event to topic telemetry-events: key = No Key value = ["evt-01490", "TRK-013", "2026-10-01T11:08:00Z", 79.5]
2026-10-02 13:05:11 | INFO | Produced event to topic telemetry-events: key = No Key value = ["evt-01491", "TRK-007", "2026-10-01T11:08:10Z", 86.6]
2026-10-02 13:05:11 | INFO | Produced event to topic telemetry-events: key = No Key value = ["evt-01492", "TRK-016", "2026-10-01T11:08:13Z", 80.6]
2026-10-02 13:05:11 | INFO | Produced event to topic telemetry-events: key = No Key value = ["evt-01494", "TRK-011", "2026-10-01T11:08:31Z", 79.4]
2026-10-02 13:05:11 | INFO | Produced event to topic telemetry-events: key = No Key value = ["evt-01495", "TRK-007", "2026-10-01T11:08:37Z", 86.9]
2026-10-02 13:05:11 | INFO | Produced event to topic telemetry-events: key = No Key value = ["evt-01496", "TRK-003", "2026-10-01T11:08:40Z", 88.7]
2026-10-02 13:05:11 | INFO | Produced event to topic telemetry-events: key = No Key value = ["evt-01498", "TRK-018", "2026-10-01T11:08:55Z", 79.9]
2026-10-02 13:05:11 | INFO | Produced event to topic telemetry-events: key = No Key value = ["evt-01499", "TRK-010", "2026-10-01T11:09:00Z", 85.5]
2026-10-02 13:05:11 | INFO | Produced event to topic telemetry-events: key = No Key value = ["evt-01500", "TRK-010", "2026-10-01T11:09:02Z", 86.2]
